id,target
0,"[1, 0, 1, 1, 0, 1, 0, 0, 0, 1, 0, 0]"
1,"[0, 0, 0, 1, 0, 0, 0, 0, 0, 1, 0, 0]"
1751,"[0, 0, 1, 0, 0, 0, 1, 0, 0, 1, 0, 0]"
2,"[0, 0, 1, 1, 0, 0, 1, 0, 0, 0, 0, 0]"
3,"[0, 0, 0, 1, 0, 0, 1, 0, 0, 0, 0, 0]"
1752,"[0, 0, 1, 0, 0, 0, 1, 1, 0, 1, 0, 0]"
4,"[0, 0, 0, 0, 0, 0, 1, 0, 0, 0, 0, 0]"
5,"[0, 0, 0, 1, 0, 0, 0, 0, 0, 0, 0, 0]"
6,"[0, 0, 0, 1, 0, 0, 0, 0, 0, 0, 0, 0]"
1753,"[0, 0, 1, 0, 0, 0, 1, 1, 0, 1, 0, 0]"
7,"[0, 0, 0, 0, 0, 0, 1, 0, 0, 0, 1, 0]"
8,"[0, 0, 0, 1, 0, 0, 1, 0, 0, 0, 0, 0]"
1754,"[0, 0, 1, 0, 0, 0, 0, 1, 0, 1, 0, 0]"
1755,"[0, 0, 1, 0, 0, 0, 0, 1, 0, 1, 0, 0]"
9,"[0, 0, 0, 0, 0, 0, 1, 0, 0, 0, 1, 0]"
1756,"[0, 0, 0, 1, 0, 0, 0, 0, 0, 1, 0, 0]"
10,"[0, 0, 0, 0, 0, 0, 1, 0, 0, 0, 1, 0]"
11,"[0, 0, 0, 0, 0, 0, 1, 0, 0, 0, 1, 0]"
1757,"[0, 0, 1, 0, 0, 0, 0, 0, 0, 1, 0, 0]"
12,"[0, 0, 0, 0, 1, 0, 1, 0, 0, 0, 1, 0]"
1758,"[0, 0, 0, 0, 0, 0, 0, 0, 0, 1, 0, 0]"
13,"[0, 0, 0, 0, 1, 0, 1, 0, 0, 0, 1, 0]"
1759,"[0, 0, 0, 0, 0, 0, 0, 0, 0, 0, 0, 0]"
14,"[0, 0, 0, 1, 1, 0, 0, 0, 1, 0, 1, 0]"
15,"[0, 0, 0, 0, 1, 0, 0, 0, 1, 0, 1, 0]"
16,"[0, 0, 0, 0, 1, 0, 1, 0, 1, 0, 1, 0]"
1761,"[0, 0, 0, 0, 1, 0, 0, 0, 1, 0, 0, 1]"
17,"[0, 1, 0, 0, 1, 0, 1, 0, 1, 0, 1, 0]"
19,"[0, 0, 0, 1, 1, 0, 1, 0, 1, 0, 1, 0]"
20,"[0, 0, 0, 1, 0, 0, 1, 0, 0, 0, 0, 0]"
21,"[0, 0, 0, 1, 0, 0, 0, 0, 0, 0, 0, 0]"
1764,"[0, 0, 0, 0, 1, 0, 0, 0, 1, 0, 0, 1]"
22,"[0, 0, 1, 1, 0, 0, 0, 0, 0, 0, 0, 0]"
23,"[1, 0, 0, 1, 0, 1, 0, 0, 0, 0, 0, 0]"
1767,"[0, 0, 0, 1, 1, 0, 0, 0, 1, 0, 0, 1]"
24,"[0, 1, 1, 1, 0, 0, 0, 0, 0, 1, 0, 0]"
1768,"[0, 0, 0, 0, 1, 0, 0, 0, 1, 0, 0, 1]"
1769,"[0, 0, 0, 0, 1, 0, 0, 0, 0, 0, 0, 1]"
1770,"[0, 0, 0, 1, 1, 0, 0, 0, 0, 0, 0, 1]"
26,"[0, 0, 1, 1, 0, 0, 0, 0, 0, 1, 1, 0]"
27,"[0, 0, 0, 1, 1, 0, 0, 0, 0, 1, 1, 0]"
28,"[0, 0, 0, 1, 1, 0, 1, 0, 0, 1, 1, 0]"
1772,"[0, 0, 1, 1, 0, 0, 0, 1, 0, 0, 0, 1]"
1773,"[0, 0, 1, 1, 0, 0, 0, 1, 0, 1, 0, 1]"
31,"[0, 0, 0, 1, 1, 0, 0, 0, 0, 0, 1, 1]"
1774,"[0, 0, 1, 1, 0, 0, 0, 0, 0, 1, 0, 1]"
33,"[0, 0, 0, 1, 0, 0, 1, 0, 0, 0, 1, 1]"
34,"[0, 0, 0, 1, 0, 0, 0, 0, 0, 0, 1, 1]"
35,"[0, 0, 0, 1, 0, 0, 1, 0, 0, 0, 1, 1]"
36,"[0, 0, 0, 1, 0, 0, 0, 0, 0, 0, 0, 1]"
37,"[0, 0, 0, 1, 0, 0, 0, 0, 0, 0, 1, 1]"
38,"[0, 0, 0, 1, 0, 0, 1, 0, 0, 0, 0, 1]"
1777,"[0, 0, 0, 0, 0, 0, 0, 1, 0, 1, 0, 1]"
39,"[0, 0, 0, 1, 0, 0, 0, 0, 0, 0, 0, 1]"
40,"[0, 0, 0, 1, 0, 0, 0, 0, 0, 0, 0, 1]"
41,"[0, 0, 0, 1, 0, 0, 0, 0, 0, 0, 0, 1]"
1778,"[0, 0, 0, 0, 0, 0, 0, 1, 0, 0, 0, 1]"
1779,"[0, 0, 0, 0, 0, 0, 0, 1, 0, 0, 0, 1]"
42,"[0, 0, 0, 1, 0, 0, 0, 0, 0, 0, 0, 1]"
1780,"[0, 0, 1, 0, 0, 0, 0, 1, 0, 1, 0, 1]"
1781,"[0, 0, 0, 0, 0, 0, 0, 1, 0, 0, 0, 1]"
1782,"[0, 0, 0, 1, 0, 0, 0, 1, 0, 0, 0, 1]"
46,"[0, 0, 0, 1, 0, 0, 1, 0, 0, 0, 1, 0]"
47,"[0, 0, 1, 1, 0, 0, 1, 0, 0, 0, 1, 0]"
1785,"[0, 0, 0, 0, 0, 0, 0, 1, 0, 0, 0, 1]"
1786,"[0, 0, 0, 0, 0, 0, 0, 1, 0, 0, 0, 1]"
1787,"[0, 0, 0, 0, 0, 0, 0, 1, 0, 0, 0, 1]"
50,"[0, 0, 1, 1, 1, 0, 1, 0, 0, 0, 1, 0]"
1788,"[0, 0, 0, 1, 0, 0, 0, 1, 0, 0, 0, 1]"
1789,"[0, 0, 0, 0, 0, 0, 0, 1, 1, 0, 0, 1]"
1790,"[0, 0, 0, 0, 0, 0, 0, 1, 1, 0, 0, 1]"
1792,"[0, 0, 0, 1, 0, 0, 0, 1, 1, 0, 0, 1]"
1793,"[0, 0, 0, 1, 0, 0, 0, 0, 1, 0, 0, 1]"
53,"[1, 0, 0, 1, 0, 1, 1, 1, 0, 0, 0, 0]"
1794,"[0, 0, 0, 1, 1, 0, 0, 0, 1, 0, 0, 1]"
54,"[0, 0, 0, 1, 0, 0, 1, 0, 0, 0, 1, 0]"
1796,"[0, 0, 0, 0, 1, 0, 0, 0, 1, 0, 0, 1]"
55,"[0, 0, 0, 1, 0, 0, 0, 0, 0, 0, 0, 0]"
1797,"[0, 0, 1, 0, 1, 0, 0, 0, 1, 0, 0, 1]"
1798,"[0, 0, 0, 0, 1, 0, 0, 0, 1, 0, 0, 1]"
1799,"[0, 0, 1, 0, 1, 0, 0, 0, 1, 0, 0, 1]"
58,"[0, 0, 1, 1, 0, 0, 0, 0, 0, 1, 1, 0]"
60,"[0, 0, 1, 1, 1, 0, 0, 0, 0, 1, 1, 0]"
1802,"[0, 0, 0, 0, 0, 0, 0, 1, 0, 0, 0, 1]"
61,"[0, 0, 1, 1, 1, 0, 1, 0, 0, 1, 1, 0]"
62,"[0, 0, 1, 1, 1, 0, 0, 0, 0, 1, 1, 0]"
64,"[0, 0, 1, 1, 1, 0, 1, 0, 1, 1, 1, 0]"
65,"[0, 0, 1, 1, 1, 0, 1, 0, 0, 1, 1, 0]"
66,"[0, 0, 1, 1, 0, 0, 1, 0, 0, 1, 1, 0]"
1805,"[0, 0, 1, 0, 0, 0, 0, 1, 0, 1, 0, 1]"
1806,"[0, 0, 0, 0, 0, 0, 0, 1, 0, 0, 0, 1]"
68,"[0, 0, 1, 1, 0, 0, 1, 0, 0, 1, 1, 0]"
1809,"[0, 0, 0, 0, 0, 0, 0, 1, 0, 0, 0, 1]"
71,"[0, 1, 1, 0, 0, 0, 0, 0, 0, 1, 1, 0]"
72,"[0, 0, 1, 0, 0, 0, 1, 0, 0, 1, 1, 0]"
1810,"[0, 0, 0, 0, 0, 0, 0, 1, 0, 0, 0, 1]"
74,"[0, 1, 1, 0, 0, 0, 1, 0, 0, 1, 0, 0]"
1811,"[0, 0, 0, 1, 0, 0, 0, 1, 0, 0, 0, 1]"
75,"[0, 1, 1, 0, 0, 0, 1, 0, 0, 1, 0, 0]"
1812,"[0, 0, 1, 0, 0, 0, 0, 1, 0, 1, 0, 1]"
1813,"[0, 0, 0, 1, 0, 0, 0, 1, 0, 0, 0, 1]"
77,"[0, 0, 0, 0, 0, 0, 1, 0, 0, 0, 0, 0]"
1815,"[0, 0, 0, 1, 0, 0, 0, 1, 0, 0, 0, 1]"
78,"[0, 0, 0, 0, 0, 0, 0, 0, 0, 0, 0, 0]"
1816,"[0, 0, 0, 0, 0, 0, 0, 1, 0, 0, 0, 1]"
79,"[0, 1, 0, 0, 0, 0, 1, 1, 0, 0, 0, 0]"
81,"[0, 1, 1, 1, 0, 0, 0, 1, 0, 1, 0, 0]"
1818,"[0, 0, 0, 0, 0, 0, 0, 1, 0, 0, 0, 1]"
82,"[0, 1, 1, 1, 0, 0, 0, 0, 0, 1, 1, 0]"
1819,"[0, 0, 0, 1, 0, 0, 0, 1, 0, 0, 0, 1]"
83,"[0, 1, 0, 1, 0, 0, 0, 1, 0, 0, 1, 1]"
1820,"[0, 0, 1, 1, 0, 0, 0, 0, 1, 1, 0, 1]"
85,"[0, 1, 1, 1, 0, 0, 0, 0, 0, 1, 1, 1]"
86,"[0, 1, 0, 1, 0, 0, 1, 1, 0, 0, 0, 0]"
1821,"[0, 0, 1, 0, 1, 0, 0, 0, 1, 0, 0, 1]"
88,"[0, 1, 0, 1, 0, 0, 0, 0, 0, 0, 0, 0]"
89,"[0, 1, 1, 1, 0, 0, 1, 0, 0, 1, 0, 0]"
90,"[0, 1, 1, 1, 0, 0, 1, 0, 0, 1, 0, 0]"
91,"[0, 1, 1, 1, 0, 0, 1, 0, 0, 1, 0, 0]"
1823,"[0, 0, 0, 0, 1, 0, 0, 0, 1, 0, 0, 1]"
92,"[0, 1, 1, 1, 0, 0, 1, 0, 0, 1, 1, 0]"
94,"[0, 1, 1, 1, 0, 0, 0, 1, 0, 1, 1, 0]"
1824,"[0, 0, 0, 0, 1, 0, 0, 0, 0, 0, 0, 1]"
1825,"[0, 0, 0, 0, 0, 0, 0, 1, 0, 0, 0, 1]"
95,"[0, 0, 1, 1, 0, 0, 1, 0, 0, 1, 1, 0]"
1826,"[0, 0, 0, 1, 0, 0, 0, 1, 0, 0, 0, 1]"
1827,"[0, 0, 1, 1, 0, 0, 0, 1, 0, 1, 0, 1]"
97,"[0, 1, 1, 0, 0, 0, 1, 0, 0, 1, 1, 0]"
98,"[0, 0, 1, 0, 0, 0, 1, 0, 0, 1, 1, 1]"
1828,"[0, 0, 1, 1, 0, 0, 1, 1, 0, 1, 0, 1]"
99,"[0, 0, 1, 0, 0, 0, 1, 0, 0, 1, 1, 1]"
101,"[0, 0, 0, 1, 0, 0, 1, 0, 0, 0, 1, 1]"
1830,"[0, 0, 1, 0, 0, 0, 0, 1, 0, 1, 0, 1]"
103,"[0, 0, 0, 0, 0, 0, 1, 0, 0, 0, 1, 1]"
1831,"[0, 0, 0, 1, 0, 0, 1, 1, 0, 0, 0, 1]"
105,"[0, 0, 0, 0, 0, 0, 1, 1, 0, 0, 1, 1]"
106,"[0, 0, 1, 0, 0, 0, 1, 0, 0, 1, 1, 1]"
107,"[0, 0, 1, 0, 0, 0, 0, 0, 0, 0, 1, 1]"
108,"[0, 0, 0, 1, 1, 0, 0, 0, 1, 0, 1, 1]"
1833,"[0, 0, 0, 1, 0, 0, 1, 1, 0, 0, 0, 1]"
110,"[0, 0, 0, 1, 1, 0, 1, 1, 1, 0, 1, 1]"
112,"[0, 1, 0, 1, 1, 0, 0, 1, 1, 0, 1, 1]"
113,"[1, 1, 0, 1, 1, 1, 1, 1, 1, 1, 1, 1]"
1835,"[0, 0, 1, 0, 0, 0, 0, 1, 0, 0, 0, 1]"
1836,"[0, 0, 1, 0, 0, 0, 1, 1, 0, 1, 0, 1]"
114,"[0, 1, 0, 1, 1, 0, 1, 1, 1, 0, 1, 1]"
1837,"[0, 0, 1, 0, 0, 0, 1, 0, 1, 0, 0, 1]"
115,"[0, 1, 1, 1, 1, 0, 0, 0, 1, 0, 1, 1]"
116,"[0, 1, 0, 1, 1, 0, 0, 0, 1, 0, 1, 0]"
1838,"[0, 0, 1, 0, 1, 0, 1, 0, 1, 1, 0, 1]"
117,"[0, 1, 0, 1, 1, 0, 1, 0, 1, 0, 1, 0]"
1839,"[0, 0, 1, 0, 1, 0, 0, 0, 1, 1, 0, 1]"
118,"[0, 1, 1, 1, 1, 0, 1, 0, 1, 0, 1, 0]"
119,"[0, 1, 1, 1, 1, 0, 0, 0, 1, 0, 1, 0]"
120,"[1, 0, 1, 1, 1, 1, 0, 0, 1, 0, 1, 0]"
121,"[0, 1, 0, 0, 1, 0, 1, 1, 1, 0, 1, 0]"
1840,"[0, 0, 0, 0, 1, 0, 1, 0, 1, 0, 0, 1]"
122,"[1, 0, 1, 1, 0, 1, 1, 0, 1, 1, 1, 0]"
1841,"[0, 0, 0, 0, 1, 0, 1, 0, 1, 0, 0, 1]"
125,"[0, 0, 1, 1, 0, 0, 0, 0, 0, 1, 1, 0]"
126,"[0, 0, 1, 1, 0, 0, 1, 0, 0, 1, 1, 0]"
1843,"[0, 0, 0, 1, 1, 0, 0, 1, 0, 0, 0, 1]"
127,"[0, 0, 1, 1, 0, 0, 0, 0, 0, 1, 1, 0]"
128,"[0, 0, 1, 1, 0, 0, 1, 0, 0, 1, 0, 0]"
129,"[0, 0, 1, 0, 0, 0, 1, 0, 0, 1, 0, 0]"
1844,"[0, 0, 1, 0, 0, 0, 0, 1, 0, 0, 0, 1]"
130,"[0, 0, 1, 1, 0, 0, 1, 0, 0, 1, 0, 0]"
131,"[0, 0, 1, 1, 0, 0, 1, 0, 0, 1, 0, 0]"
132,"[0, 0, 1, 0, 0, 0, 1, 0, 0, 1, 0, 0]"
1848,"[0, 0, 0, 1, 0, 0, 1, 1, 0, 0, 0, 1]"
133,"[0, 0, 1, 1, 0, 0, 0, 0, 0, 1, 0, 0]"
1849,"[0, 0, 1, 1, 0, 0, 1, 1, 0, 1, 0, 1]"
1851,"[0, 0, 0, 1, 0, 0, 0, 1, 0, 0, 0, 1]"
136,"[0, 0, 1, 1, 0, 0, 0, 0, 0, 1, 1, 0]"
137,"[0, 0, 1, 1, 0, 0, 1, 0, 0, 1, 1, 0]"
1852,"[0, 0, 0, 1, 0, 0, 0, 1, 0, 0, 0, 1]"
138,"[0, 0, 1, 1, 0, 0, 0, 1, 0, 1, 1, 0]"
139,"[0, 0, 1, 1, 0, 0, 1, 0, 0, 1, 0, 0]"
140,"[0, 0, 0, 1, 0, 0, 1, 0, 0, 0, 0, 0]"
1853,"[0, 0, 0, 1, 0, 0, 0, 1, 0, 0, 0, 1]"
142,"[0, 0, 0, 0, 0, 0, 0, 0, 0, 0, 1, 0]"
1855,"[0, 0, 0, 1, 0, 0, 0, 1, 0, 0, 0, 1]"
143,"[0, 0, 0, 1, 0, 0, 0, 0, 0, 0, 1, 0]"
1856,"[0, 0, 0, 1, 0, 0, 0, 1, 0, 0, 0, 1]"
144,"[0, 0, 0, 1, 0, 0, 0, 0, 0, 0, 1, 0]"
145,"[0, 0, 0, 0, 1, 0, 0, 0, 0, 0, 1, 0]"
1858,"[0, 0, 0, 1, 0, 0, 1, 1, 0, 0, 0, 1]"
146,"[0, 0, 0, 0, 1, 0, 0, 0, 0, 0, 1, 0]"
147,"[0, 0, 0, 1, 1, 0, 1, 0, 1, 0, 1, 0]"
148,"[0, 0, 0, 0, 1, 0, 1, 0, 1, 0, 1, 0]"
1863,"[0, 0, 1, 1, 0, 0, 0, 1, 0, 0, 0, 1]"
150,"[0, 1, 0, 1, 0, 0, 0, 0, 0, 0, 0, 0]"
151,"[0, 1, 0, 0, 0, 0, 1, 0, 0, 0, 0, 0]"
153,"[1, 1, 0, 1, 0, 1, 1, 1, 0, 0, 1, 0]"
154,"[0, 0, 0, 1, 0, 0, 1, 1, 0, 0, 1, 0]"
1866,"[0, 0, 0, 1, 0, 0, 1, 1, 1, 0, 0, 1]"
1867,"[0, 0, 0, 1, 0, 0, 1, 1, 1, 0, 0, 1]"
155,"[0, 1, 1, 1, 0, 0, 0, 1, 0, 1, 1, 0]"
1868,"[0, 0, 0, 1, 0, 0, 1, 1, 1, 1, 0, 1]"
156,"[0, 1, 0, 1, 0, 0, 1, 0, 0, 0, 1, 0]"
1869,"[0, 0, 0, 1, 0, 0, 1, 1, 1, 0, 0, 1]"
1870,"[0, 0, 0, 1, 0, 0, 1, 1, 1, 0, 0, 1]"
158,"[0, 1, 1, 1, 0, 0, 0, 0, 0, 0, 0, 1]"
1871,"[0, 0, 0, 1, 0, 0, 1, 1, 0, 0, 0, 1]"
159,"[0, 1, 1, 1, 0, 0, 0, 0, 0, 0, 0, 0]"
160,"[0, 1, 1, 1, 1, 0, 1, 0, 0, 0, 0, 1]"
161,"[0, 1, 1, 1, 1, 0, 0, 0, 1, 1, 1, 1]"
162,"[0, 1, 1, 1, 1, 0, 0, 0, 1, 0, 1, 1]"
1874,"[0, 0, 1, 0, 0, 0, 1, 1, 0, 1, 0, 1]"
164,"[0, 1, 1, 1, 1, 0, 1, 0, 1, 0, 1, 1]"
1875,"[0, 0, 1, 0, 0, 0, 1, 0, 0, 0, 0, 1]"
165,"[0, 1, 1, 1, 1, 0, 1, 0, 1, 0, 0, 0]"
1876,"[0, 0, 0, 0, 0, 0, 1, 0, 0, 0, 0, 1]"
167,"[0, 1, 1, 1, 1, 0, 0, 0, 1, 1, 0, 1]"
1877,"[0, 0, 0, 0, 0, 0, 1, 0, 0, 0, 0, 1]"
169,"[0, 1, 1, 1, 1, 0, 1, 0, 1, 1, 0, 1]"
171,"[0, 1, 0, 1, 0, 0, 1, 0, 1, 0, 0, 0]"
1879,"[0, 0, 1, 0, 0, 0, 1, 0, 0, 1, 0, 1]"
1880,"[0, 0, 0, 1, 0, 0, 1, 0, 0, 0, 0, 1]"
172,"[0, 1, 0, 1, 0, 0, 0, 0, 0, 0, 0, 0]"
1881,"[0, 0, 0, 1, 0, 0, 1, 0, 0, 0, 0, 1]"
174,"[0, 1, 0, 0, 0, 0, 0, 1, 0, 0, 0, 0]"
1882,"[0, 0, 1, 0, 0, 0, 1, 0, 0, 1, 0, 1]"
176,"[0, 0, 0, 0, 0, 0, 0, 1, 0, 1, 0, 0]"
1883,"[0, 0, 0, 0, 0, 0, 1, 1, 0, 0, 0, 1]"
177,"[0, 1, 0, 1, 0, 0, 0, 0, 0, 1, 1, 0]"
180,"[0, 1, 0, 0, 0, 0, 1, 1, 0, 0, 0, 0]"
1884,"[0, 0, 0, 1, 0, 0, 1, 1, 1, 1, 0, 1]"
181,"[0, 1, 0, 1, 0, 0, 0, 0, 0, 0, 0, 0]"
1885,"[0, 0, 1, 1, 0, 0, 0, 1, 1, 1, 0, 1]"
182,"[0, 1, 0, 1, 0, 0, 0, 0, 0, 0, 0, 0]"
1886,"[0, 0, 0, 1, 0, 0, 1, 1, 1, 0, 0, 1]"
1887,"[0, 0, 0, 1, 1, 0, 0, 1, 1, 0, 0, 1]"
183,"[0, 1, 0, 0, 0, 0, 0, 1, 0, 1, 0, 0]"
184,"[0, 1, 0, 0, 0, 0, 1, 1, 0, 0, 0, 0]"
185,"[0, 0, 0, 0, 0, 0, 1, 1, 0, 1, 0, 0]"
1889,"[0, 0, 0, 1, 1, 0, 0, 1, 1, 0, 0, 1]"
186,"[0, 1, 1, 1, 0, 0, 0, 1, 0, 0, 0, 0]"
1890,"[0, 0, 1, 1, 0, 0, 0, 1, 1, 1, 0, 1]"
187,"[0, 0, 0, 1, 0, 0, 1, 0, 0, 0, 1, 1]"
1891,"[0, 0, 0, 1, 1, 0, 0, 1, 1, 0, 0, 1]"
189,"[0, 1, 0, 1, 0, 0, 0, 0, 0, 0, 1, 1]"
190,"[0, 1, 0, 1, 0, 0, 0, 0, 0, 0, 0, 1]"
191,"[0, 1, 0, 1, 0, 0, 0, 0, 0, 0, 0, 1]"
1892,"[0, 0, 1, 1, 0, 0, 0, 1, 0, 0, 0, 1]"
1893,"[0, 0, 1, 1, 0, 0, 0, 1, 0, 0, 0, 1]"
192,"[0, 1, 0, 1, 0, 0, 0, 0, 0, 0, 0, 0]"
193,"[0, 1, 0, 1, 0, 0, 0, 0, 0, 0, 0, 0]"
1895,"[0, 0, 1, 1, 0, 0, 0, 1, 0, 0, 0, 1]"
1896,"[0, 0, 1, 0, 0, 0, 0, 1, 0, 1, 0, 1]"
195,"[0, 1, 1, 0, 1, 0, 0, 0, 1, 1, 0, 0]"
197,"[0, 0, 0, 0, 1, 0, 1, 1, 1, 0, 0, 0]"
198,"[0, 0, 0, 0, 1, 0, 0, 1, 1, 0, 0, 0]"
1899,"[0, 0, 0, 0, 0, 0, 0, 1, 0, 0, 0, 1]"
200,"[0, 1, 0, 0, 1, 0, 1, 1, 1, 0, 0, 0]"
201,"[0, 1, 0, 0, 1, 0, 0, 0, 1, 0, 0, 0]"
1901,"[0, 0, 1, 0, 0, 0, 0, 0, 0, 1, 0, 1]"
202,"[0, 0, 0, 0, 1, 0, 1, 0, 1, 0, 1, 0]"
203,"[0, 0, 0, 0, 0, 0, 1, 0, 1, 1, 1, 0]"
204,"[0, 0, 0, 0, 0, 0, 0, 0, 0, 1, 0, 0]"
1903,"[0, 0, 1, 0, 0, 0, 0, 0, 0, 0, 0, 1]"
205,"[0, 0, 1, 0, 0, 0, 0, 0, 0, 1, 1, 0]"
1904,"[0, 0, 1, 0, 0, 0, 0, 0, 0, 1, 0, 1]"
1905,"[0, 0, 1, 0, 0, 0, 0, 0, 0, 1, 0, 1]"
1906,"[0, 0, 1, 0, 0, 0, 0, 0, 0, 1, 0, 1]"
206,"[1, 0, 0, 1, 0, 1, 1, 0, 0, 0, 0, 0]"
1907,"[0, 0, 0, 0, 0, 0, 0, 0, 0, 1, 0, 1]"
207,"[0, 0, 0, 0, 0, 0, 1, 0, 0, 1, 0, 0]"
1908,"[0, 0, 1, 0, 0, 0, 0, 0, 0, 0, 0, 1]"
1909,"[0, 0, 1, 0, 0, 0, 0, 0, 0, 0, 0, 1]"
209,"[0, 0, 1, 0, 0, 0, 1, 0, 0, 1, 0, 0]"
1910,"[0, 0, 1, 1, 0, 0, 0, 1, 0, 0, 0, 1]"
1911,"[0, 0, 0, 0, 0, 0, 0, 1, 0, 0, 0, 1]"
213,"[0, 0, 1, 1, 0, 0, 0, 0, 0, 1, 0, 0]"
214,"[0, 1, 1, 1, 0, 0, 0, 0, 0, 1, 1, 0]"
215,"[0, 1, 1, 0, 0, 0, 1, 0, 0, 1, 1, 0]"
1913,"[0, 0, 0, 1, 0, 0, 0, 1, 1, 0, 0, 1]"
216,"[0, 0, 1, 0, 0, 0, 1, 0, 0, 0, 0, 0]"
217,"[0, 1, 0, 0, 0, 0, 1, 0, 0, 1, 0, 0]"
1914,"[0, 0, 0, 1, 1, 0, 0, 1, 1, 0, 0, 1]"
1916,"[0, 0, 1, 1, 1, 0, 1, 1, 1, 0, 0, 1]"
222,"[0, 0, 0, 0, 0, 0, 1, 0, 0, 0, 1, 1]"
1917,"[0, 0, 0, 1, 1, 0, 1, 1, 1, 0, 0, 1]"
223,"[0, 0, 0, 0, 0, 0, 1, 0, 0, 0, 0, 1]"
224,"[0, 0, 0, 1, 0, 0, 0, 0, 0, 0, 0, 1]"
225,"[0, 0, 0, 1, 0, 0, 0, 0, 0, 0, 0, 1]"
227,"[0, 0, 1, 1, 0, 0, 1, 0, 0, 1, 0, 1]"
1919,"[0, 0, 0, 1, 1, 0, 1, 1, 0, 0, 0, 1]"
228,"[0, 1, 0, 1, 0, 0, 1, 0, 0, 0, 0, 1]"
1920,"[0, 0, 0, 1, 0, 0, 1, 1, 0, 0, 0, 1]"
1921,"[0, 0, 0, 1, 0, 0, 1, 1, 0, 0, 0, 1]"
230,"[0, 1, 0, 1, 1, 0, 0, 0, 0, 0, 0, 1]"
232,"[0, 1, 0, 1, 0, 0, 0, 0, 0, 1, 0, 1]"
1923,"[0, 0, 1, 0, 0, 0, 1, 1, 0, 0, 0, 1]"
1925,"[0, 0, 1, 1, 0, 0, 1, 1, 0, 0, 0, 1]"
234,"[0, 1, 1, 1, 1, 0, 0, 0, 1, 1, 0, 0]"
235,"[0, 1, 0, 0, 1, 0, 1, 0, 1, 0, 0, 1]"
1926,"[0, 0, 0, 0, 0, 0, 1, 1, 0, 0, 0, 1]"
236,"[0, 1, 0, 1, 1, 0, 1, 0, 1, 0, 0, 1]"
1928,"[0, 0, 1, 0, 0, 0, 1, 1, 0, 0, 0, 1]"
241,"[0, 1, 0, 0, 0, 0, 1, 0, 0, 0, 1, 1]"
242,"[0, 1, 0, 0, 0, 0, 0, 0, 0, 0, 0, 1]"
243,"[0, 1, 0, 0, 0, 0, 0, 0, 0, 0, 1, 1]"
1930,"[0, 0, 0, 0, 0, 0, 1, 0, 0, 0, 0, 1]"
1931,"[0, 0, 0, 0, 0, 0, 1, 0, 0, 0, 0, 1]"
244,"[0, 1, 1, 0, 0, 0, 0, 0, 0, 0, 0, 1]"
245,"[0, 1, 0, 0, 0, 0, 0, 0, 0, 0, 0, 1]"
1933,"[0, 0, 0, 0, 0, 0, 1, 0, 0, 0, 0, 1]"
248,"[0, 0, 1, 0, 0, 0, 0, 0, 0, 1, 1, 1]"
249,"[0, 0, 1, 0, 0, 0, 0, 0, 0, 1, 1, 1]"
250,"[0, 0, 1, 0, 0, 0, 1, 0, 0, 1, 1, 1]"
1935,"[0, 0, 1, 0, 0, 0, 1, 1, 1, 1, 0, 1]"
253,"[0, 0, 0, 1, 0, 0, 0, 0, 0, 0, 1, 1]"
255,"[0, 1, 1, 0, 0, 0, 1, 0, 0, 1, 0, 1]"
256,"[0, 1, 1, 0, 0, 0, 1, 0, 0, 1, 1, 1]"
1938,"[0, 0, 1, 1, 1, 0, 1, 0, 1, 1, 0, 1]"
258,"[0, 1, 0, 1, 0, 0, 0, 0, 0, 0, 0, 1]"
260,"[0, 1, 0, 1, 0, 0, 1, 0, 0, 0, 0, 1]"
262,"[0, 1, 1, 1, 0, 0, 0, 0, 0, 1, 0, 1]"
264,"[0, 1, 1, 1, 0, 0, 1, 0, 0, 1, 0, 1]"
265,"[0, 1, 1, 1, 0, 0, 1, 0, 0, 1, 0, 1]"
1941,"[0, 0, 1, 0, 0, 0, 0, 1, 0, 1, 0, 1]"
267,"[0, 1, 0, 1, 0, 0, 0, 0, 0, 0, 1, 1]"
1942,"[0, 0, 1, 0, 0, 0, 0, 1, 0, 1, 0, 1]"
268,"[0, 1, 1, 1, 0, 0, 0, 0, 0, 0, 1, 0]"
269,"[0, 1, 1, 1, 0, 0, 1, 0, 0, 1, 1, 0]"
271,"[0, 1, 0, 1, 0, 0, 0, 1, 0, 0, 1, 0]"
1943,"[0, 0, 1, 1, 0, 0, 0, 1, 0, 1, 0, 1]"
1944,"[0, 0, 1, 1, 0, 0, 0, 1, 0, 1, 0, 1]"
273,"[0, 1, 0, 0, 0, 0, 0, 0, 0, 1, 0, 0]"
274,"[0, 0, 1, 0, 0, 0, 0, 0, 0, 1, 0, 0]"
1945,"[0, 0, 1, 1, 0, 0, 0, 1, 0, 1, 0, 1]"
275,"[0, 1, 1, 1, 0, 0, 0, 0, 0, 1, 0, 0]"
1946,"[0, 0, 1, 1, 0, 0, 0, 0, 0, 1, 0, 1]"
276,"[0, 1, 1, 0, 0, 0, 0, 0, 0, 1, 0, 0]"
277,"[1, 1, 1, 0, 0, 1, 0, 0, 0, 1, 0, 0]"
280,"[0, 1, 1, 1, 0, 0, 1, 0, 0, 1, 1, 0]"
281,"[0, 1, 1, 1, 0, 0, 0, 0, 0, 1, 1, 0]"
283,"[0, 1, 1, 0, 0, 0, 0, 1, 0, 1, 0, 0]"
1949,"[0, 1, 1, 1, 0, 0, 0, 1, 0, 1, 0, 1]"
1950,"[0, 1, 1, 1, 0, 0, 0, 1, 1, 1, 0, 1]"
284,"[0, 0, 1, 0, 0, 0, 0, 1, 0, 1, 1, 0]"
285,"[0, 0, 0, 0, 0, 0, 1, 0, 0, 0, 0, 0]"
1951,"[0, 1, 1, 1, 0, 0, 1, 1, 1, 1, 0, 1]"
286,"[0, 0, 0, 0, 0, 0, 1, 1, 0, 0, 0, 0]"
1952,"[0, 1, 1, 1, 0, 0, 1, 1, 1, 1, 0, 1]"
287,"[0, 0, 1, 0, 0, 0, 1, 0, 0, 1, 0, 0]"
288,"[0, 0, 1, 0, 0, 0, 1, 0, 0, 1, 0, 1]"
292,"[0, 0, 1, 1, 0, 0, 1, 0, 0, 1, 1, 1]"
293,"[0, 0, 0, 0, 0, 0, 1, 0, 0, 1, 1, 1]"
294,"[0, 0, 1, 0, 0, 0, 1, 0, 0, 0, 1, 1]"
295,"[0, 0, 0, 1, 0, 0, 1, 0, 0, 0, 1, 1]"
1955,"[0, 0, 0, 1, 0, 0, 1, 1, 0, 0, 0, 1]"
297,"[0, 0, 0, 1, 1, 0, 1, 0, 0, 0, 1, 1]"
300,"[0, 0, 1, 1, 1, 0, 1, 0, 1, 0, 1, 1]"
301,"[0, 0, 1, 1, 1, 0, 1, 0, 1, 0, 1, 1]"
302,"[0, 0, 0, 1, 1, 0, 1, 0, 1, 0, 1, 1]"
304,"[0, 0, 1, 1, 1, 0, 1, 0, 1, 1, 1, 1]"
1957,"[0, 0, 0, 0, 0, 0, 1, 1, 0, 0, 0, 1]"
305,"[0, 0, 1, 1, 1, 0, 1, 0, 1, 1, 1, 1]"
306,"[0, 0, 1, 1, 1, 0, 1, 0, 1, 1, 1, 1]"
1958,"[0, 0, 0, 0, 0, 0, 1, 1, 0, 0, 0, 1]"
307,"[0, 0, 1, 1, 1, 0, 1, 0, 1, 1, 1, 1]"
1959,"[0, 0, 0, 1, 0, 0, 1, 0, 0, 0, 0, 1]"
308,"[0, 0, 1, 1, 0, 0, 1, 0, 0, 1, 1, 0]"
310,"[0, 0, 1, 0, 0, 0, 1, 0, 0, 1, 0, 0]"
311,"[0, 0, 1, 0, 0, 0, 1, 0, 0, 1, 0, 0]"
312,"[1, 1, 1, 0, 0, 1, 1, 1, 0, 1, 0, 0]"
1960,"[0, 0, 1, 1, 0, 0, 0, 1, 0, 0, 0, 1]"
1961,"[0, 0, 1, 1, 0, 0, 0, 1, 0, 0, 0, 1]"
314,"[0, 0, 1, 1, 0, 0, 1, 0, 0, 1, 1, 0]"
316,"[1, 0, 1, 0, 0, 1, 1, 0, 0, 1, 0, 0]"
1964,"[0, 0, 1, 1, 0, 0, 0, 1, 0, 1, 0, 1]"
317,"[0, 0, 1, 0, 0, 0, 1, 0, 0, 1, 0, 0]"
319,"[1, 0, 1, 0, 0, 1, 1, 0, 0, 1, 0, 0]"
320,"[0, 1, 1, 1, 0, 0, 1, 0, 0, 1, 0, 0]"
1965,"[0, 0, 1, 1, 1, 0, 0, 1, 1, 1, 0, 1]"
323,"[0, 0, 1, 0, 0, 0, 0, 0, 0, 1, 1, 0]"
325,"[0, 0, 1, 1, 0, 0, 1, 0, 0, 1, 0, 0]"
1966,"[0, 0, 1, 1, 0, 0, 1, 1, 1, 1, 0, 1]"
326,"[0, 0, 1, 0, 0, 0, 1, 0, 0, 1, 0, 0]"
1967,"[0, 0, 1, 1, 1, 0, 0, 1, 1, 1, 0, 1]"
327,"[0, 0, 1, 0, 0, 0, 1, 0, 0, 0, 1, 0]"
328,"[0, 0, 1, 0, 0, 0, 1, 0, 0, 1, 1, 0]"
1968,"[0, 0, 1, 1, 1, 0, 0, 1, 0, 1, 0, 1]"
329,"[0, 1, 1, 0, 0, 0, 1, 0, 0, 1, 1, 0]"
330,"[0, 1, 1, 0, 0, 0, 1, 0, 0, 1, 1, 0]"
1969,"[0, 0, 0, 1, 0, 0, 0, 1, 0, 1, 0, 1]"
333,"[0, 1, 0, 1, 1, 0, 1, 0, 1, 0, 1, 0]"
334,"[0, 1, 0, 1, 1, 0, 1, 0, 1, 0, 1, 0]"
335,"[0, 0, 0, 1, 1, 0, 1, 0, 1, 0, 1, 0]"
336,"[0, 0, 0, 1, 1, 0, 1, 0, 1, 0, 1, 0]"
337,"[0, 1, 0, 1, 1, 0, 1, 0, 1, 0, 1, 0]"
338,"[0, 1, 0, 1, 1, 0, 1, 0, 1, 0, 1, 0]"
339,"[0, 1, 0, 1, 1, 0, 1, 0, 1, 0, 1, 0]"
340,"[0, 1, 0, 1, 1, 0, 1, 0, 1, 0, 1, 0]"
341,"[0, 1, 0, 1, 1, 0, 1, 1, 1, 0, 1, 0]"
1974,"[0, 0, 0, 1, 0, 0, 0, 0, 0, 1, 0, 1]"
345,"[0, 0, 1, 0, 0, 0, 0, 0, 0, 0, 1, 0]"
1975,"[0, 0, 1, 1, 0, 0, 0, 0, 0, 0, 0, 1]"
346,"[0, 0, 0, 0, 0, 0, 1, 0, 0, 0, 0, 0]"
1976,"[0, 0, 1, 0, 0, 0, 0, 0, 0, 0, 0, 1]"
348,"[0, 0, 0, 0, 0, 0, 1, 0, 0, 0, 1, 0]"
349,"[0, 0, 0, 0, 0, 0, 0, 1, 0, 0, 0, 0]"
351,"[1, 0, 0, 0, 0, 1, 1, 0, 0, 1, 0, 0]"
352,"[0, 0, 0, 0, 0, 0, 0, 0, 0, 0, 0, 0]"
355,"[0, 0, 0, 0, 0, 0, 0, 0, 0, 0, 0, 0]"
1978,"[0, 0, 1, 1, 0, 0, 0, 1, 1, 1, 0, 1]"
356,"[0, 1, 0, 0, 0, 0, 0, 0, 0, 0, 0, 0]"
357,"[0, 1, 0, 1, 0, 0, 0, 0, 0, 0, 0, 0]"
1979,"[0, 0, 0, 1, 1, 0, 0, 1, 1, 1, 0, 1]"
359,"[0, 0, 0, 0, 0, 0, 0, 0, 0, 0, 0, 0]"
1981,"[0, 0, 0, 1, 1, 0, 0, 1, 1, 0, 0, 1]"
360,"[0, 0, 0, 0, 0, 0, 0, 0, 0, 0, 0, 0]"
1982,"[0, 0, 0, 1, 1, 0, 1, 1, 1, 0, 0, 1]"
1983,"[0, 0, 0, 1, 1, 0, 1, 1, 1, 0, 0, 1]"
362,"[0, 0, 0, 0, 0, 0, 0, 0, 0, 0, 0, 0]"
363,"[0, 0, 0, 0, 0, 0, 0, 0, 0, 0, 0, 0]"
364,"[0, 0, 0, 0, 0, 0, 0, 0, 0, 1, 0, 0]"
1984,"[0, 0, 0, 1, 1, 0, 1, 1, 1, 0, 0, 1]"
366,"[0, 1, 1, 0, 0, 0, 1, 0, 0, 1, 0, 0]"
369,"[0, 1, 1, 1, 0, 0, 0, 0, 0, 1, 0, 0]"
370,"[0, 1, 1, 0, 0, 0, 0, 0, 0, 1, 0, 0]"
1986,"[0, 0, 0, 1, 0, 0, 0, 1, 0, 0, 0, 1]"
371,"[0, 1, 1, 0, 0, 0, 1, 0, 0, 1, 0, 0]"
372,"[0, 1, 0, 0, 0, 0, 1, 1, 0, 1, 0, 0]"
373,"[0, 1, 0, 0, 1, 0, 0, 0, 0, 0, 0, 0]"
1988,"[0, 0, 0, 0, 0, 0, 0, 1, 0, 0, 0, 1]"
374,"[0, 1, 1, 0, 1, 0, 0, 0, 0, 1, 0, 0]"
375,"[0, 1, 0, 1, 1, 0, 0, 1, 0, 0, 1, 0]"
376,"[0, 1, 1, 0, 1, 0, 0, 0, 1, 1, 1, 0]"
1990,"[0, 0, 1, 0, 0, 0, 0, 0, 0, 0, 0, 1]"
377,"[0, 1, 1, 0, 1, 0, 0, 0, 1, 1, 1, 0]"
1991,"[0, 0, 1, 0, 0, 0, 0, 0, 0, 0, 0, 1]"
378,"[0, 1, 1, 0, 1, 0, 0, 0, 1, 1, 1, 0]"
1992,"[0, 0, 1, 0, 0, 0, 0, 0, 0, 1, 0, 1]"
379,"[0, 1, 1, 0, 1, 0, 0, 0, 1, 1, 1, 0]"
380,"[0, 1, 1, 0, 1, 0, 0, 0, 1, 1, 1, 0]"
1994,"[0, 0, 1, 0, 0, 0, 0, 0, 0, 1, 0, 1]"
381,"[0, 1, 1, 0, 1, 0, 0, 0, 1, 1, 0, 0]"
382,"[0, 0, 1, 0, 0, 0, 0, 0, 0, 1, 0, 0]"
1996,"[0, 0, 1, 0, 0, 0, 0, 0, 0, 1, 0, 1]"
383,"[0, 1, 1, 0, 0, 0, 0, 0, 0, 1, 0, 0]"
384,"[0, 1, 1, 0, 0, 0, 0, 0, 0, 1, 0, 1]"
1998,"[0, 0, 1, 1, 0, 0, 0, 0, 0, 0, 0, 1]"
385,"[0, 1, 1, 0, 0, 0, 0, 0, 0, 1, 0, 0]"
1999,"[0, 0, 1, 0, 0, 0, 0, 0, 0, 1, 0, 1]"
2000,"[0, 0, 1, 0, 0, 0, 0, 0, 0, 1, 0, 1]"
386,"[0, 1, 1, 0, 0, 0, 0, 1, 0, 1, 0, 0]"
388,"[0, 1, 1, 0, 0, 0, 0, 0, 0, 1, 1, 0]"
389,"[0, 1, 1, 0, 0, 0, 1, 0, 0, 1, 1, 0]"
390,"[0, 1, 1, 0, 0, 0, 0, 1, 0, 1, 1, 0]"
391,"[0, 1, 1, 1, 0, 0, 1, 0, 0, 1, 0, 0]"
392,"[0, 1, 1, 0, 0, 0, 0, 0, 0, 1, 0, 0]"
2003,"[0, 0, 0, 1, 0, 0, 0, 1, 0, 0, 0, 1]"
394,"[0, 0, 1, 0, 0, 0, 0, 0, 0, 1, 0, 0]"
2004,"[0, 0, 1, 1, 0, 0, 1, 1, 0, 1, 0, 1]"
395,"[0, 0, 1, 0, 0, 0, 0, 0, 0, 1, 0, 0]"
396,"[0, 0, 1, 0, 0, 0, 0, 0, 0, 1, 0, 0]"
397,"[0, 0, 1, 0, 0, 0, 0, 0, 0, 1, 0, 0]"
398,"[0, 0, 1, 0, 0, 0, 1, 0, 0, 1, 0, 0]"
399,"[0, 1, 1, 1, 0, 0, 0, 0, 0, 1, 1, 0]"
2006,"[0, 0, 1, 0, 1, 0, 0, 1, 1, 1, 0, 1]"
2007,"[0, 0, 1, 1, 1, 0, 1, 1, 1, 1, 0, 1]"
400,"[0, 1, 0, 1, 0, 0, 0, 0, 0, 1, 1, 0]"
2008,"[0, 0, 1, 1, 1, 0, 0, 1, 1, 1, 0, 1]"
401,"[0, 0, 0, 0, 0, 0, 0, 0, 0, 1, 1, 0]"
2009,"[0, 1, 1, 1, 1, 0, 1, 1, 1, 1, 0, 1]"
403,"[0, 0, 0, 0, 1, 0, 0, 0, 0, 0, 1, 0]"
404,"[0, 0, 0, 0, 1, 0, 1, 0, 1, 0, 1, 0]"
405,"[0, 0, 0, 0, 1, 0, 0, 0, 1, 1, 1, 0]"
409,"[0, 0, 1, 0, 1, 0, 0, 0, 1, 1, 1, 0]"
412,"[0, 0, 1, 0, 1, 0, 0, 1, 1, 0, 1, 0]"
413,"[0, 0, 1, 1, 1, 0, 1, 1, 1, 0, 1, 0]"
2014,"[0, 0, 1, 1, 0, 0, 0, 1, 0, 1, 0, 1]"
2015,"[0, 0, 1, 1, 0, 0, 0, 1, 0, 1, 0, 1]"
2016,"[0, 0, 1, 1, 0, 0, 0, 1, 0, 1, 0, 1]"
2017,"[0, 0, 1, 1, 0, 0, 0, 1, 0, 1, 0, 1]"
2018,"[0, 0, 1, 1, 0, 0, 0, 1, 0, 1, 0, 1]"
417,"[0, 0, 1, 1, 1, 0, 1, 0, 1, 0, 1, 0]"
418,"[0, 0, 0, 1, 1, 0, 0, 1, 1, 0, 1, 0]"
2019,"[0, 0, 0, 0, 0, 0, 0, 1, 0, 0, 0, 1]"
419,"[0, 0, 0, 0, 1, 0, 1, 1, 1, 0, 1, 0]"
421,"[0, 1, 0, 0, 1, 0, 1, 1, 1, 0, 1, 0]"
2021,"[0, 0, 0, 0, 0, 0, 0, 1, 0, 0, 0, 1]"
423,"[0, 1, 1, 0, 1, 0, 1, 1, 1, 0, 1, 0]"
424,"[0, 1, 0, 0, 1, 0, 1, 0, 1, 0, 1, 0]"
425,"[0, 1, 0, 0, 1, 0, 1, 1, 1, 0, 1, 0]"
2022,"[0, 0, 1, 0, 0, 0, 0, 1, 0, 1, 0, 1]"
426,"[0, 1, 0, 0, 1, 0, 1, 0, 1, 1, 1, 0]"
2023,"[0, 0, 1, 1, 0, 0, 1, 1, 0, 1, 0, 1]"
427,"[0, 1, 0, 0, 1, 0, 1, 0, 1, 0, 1, 0]"
428,"[0, 1, 0, 0, 1, 0, 1, 0, 1, 0, 1, 0]"
2024,"[0, 0, 1, 1, 0, 0, 0, 1, 1, 1, 0, 1]"
429,"[0, 0, 0, 0, 1, 0, 0, 1, 1, 0, 1, 0]"
2025,"[0, 0, 1, 1, 0, 0, 0, 1, 1, 1, 0, 1]"
431,"[0, 0, 0, 0, 1, 0, 0, 0, 1, 0, 1, 0]"
2027,"[0, 1, 1, 1, 1, 0, 1, 1, 1, 1, 0, 1]"
2028,"[0, 0, 1, 1, 1, 0, 0, 1, 1, 1, 0, 1]"
2029,"[0, 1, 1, 1, 1, 0, 0, 1, 1, 1, 0, 1]"
2030,"[0, 0, 1, 1, 1, 0, 1, 1, 1, 1, 0, 1]"
2031,"[0, 0, 1, 1, 1, 0, 1, 1, 1, 1, 0, 1]"
434,"[0, 0, 0, 0, 1, 0, 0, 1, 1, 0, 1, 0]"
2032,"[0, 0, 1, 1, 0, 0, 0, 1, 1, 1, 0, 1]"
2034,"[0, 0, 0, 1, 0, 0, 0, 1, 0, 0, 0, 1]"
2035,"[0, 0, 0, 1, 0, 0, 0, 1, 0, 0, 0, 1]"
437,"[0, 1, 1, 0, 1, 0, 0, 1, 1, 1, 1, 0]"
2036,"[0, 0, 1, 0, 0, 0, 0, 1, 0, 0, 0, 1]"
441,"[0, 1, 1, 0, 1, 0, 0, 0, 1, 1, 1, 1]"
442,"[0, 1, 1, 0, 1, 0, 0, 0, 1, 1, 1, 1]"
2037,"[0, 0, 0, 0, 0, 0, 0, 1, 0, 0, 0, 1]"
2038,"[0, 0, 0, 0, 0, 0, 1, 1, 0, 0, 0, 1]"
444,"[0, 1, 1, 1, 1, 0, 0, 0, 1, 1, 1, 1]"
2039,"[0, 0, 1, 1, 0, 0, 1, 1, 0, 0, 0, 1]"
2040,"[0, 0, 1, 0, 0, 0, 1, 1, 0, 1, 0, 1]"
2041,"[0, 0, 1, 1, 0, 0, 1, 1, 0, 0, 0, 1]"
2042,"[0, 0, 1, 1, 0, 0, 1, 1, 1, 0, 0, 1]"
2043,"[0, 0, 0, 1, 0, 0, 1, 1, 1, 1, 0, 1]"
446,"[0, 0, 1, 0, 0, 0, 0, 0, 1, 1, 1, 0]"
447,"[0, 0, 1, 1, 0, 0, 1, 1, 1, 1, 1, 0]"
2044,"[0, 0, 0, 1, 1, 0, 1, 1, 1, 0, 0, 1]"
448,"[0, 0, 0, 0, 0, 0, 0, 0, 0, 1, 1, 0]"
2045,"[0, 0, 0, 1, 1, 0, 1, 1, 1, 0, 0, 1]"
2046,"[0, 0, 1, 1, 1, 0, 0, 1, 1, 0, 0, 1]"
451,"[0, 0, 1, 0, 1, 0, 1, 0, 1, 0, 1, 1]"
2047,"[0, 0, 0, 1, 1, 0, 0, 1, 1, 0, 0, 1]"
452,"[0, 0, 0, 0, 1, 0, 0, 0, 1, 0, 1, 1]"
453,"[0, 0, 1, 0, 1, 0, 0, 0, 1, 1, 1, 1]"
454,"[0, 0, 1, 0, 1, 0, 0, 0, 1, 0, 0, 1]"
455,"[0, 0, 1, 0, 1, 0, 1, 0, 1, 1, 1, 1]"
2048,"[0, 0, 0, 0, 0, 0, 1, 1, 0, 0, 0, 1]"
2049,"[0, 0, 0, 1, 0, 0, 0, 1, 0, 0, 0, 1]"
2050,"[0, 0, 0, 1, 0, 0, 0, 1, 0, 0, 0, 1]"
458,"[0, 0, 0, 1, 0, 0, 0, 0, 1, 0, 1, 1]"
2051,"[0, 0, 0, 0, 0, 0, 0, 1, 0, 0, 0, 1]"
2052,"[0, 0, 0, 0, 0, 0, 0, 1, 0, 0, 0, 1]"
459,"[0, 0, 0, 1, 0, 0, 0, 0, 0, 1, 1, 1]"
2053,"[0, 0, 1, 0, 0, 0, 0, 1, 0, 1, 0, 1]"
2054,"[0, 0, 1, 0, 0, 0, 0, 1, 0, 1, 0, 1]"
2055,"[0, 0, 1, 1, 0, 0, 0, 1, 1, 1, 0, 1]"
2056,"[0, 0, 0, 1, 0, 0, 1, 1, 1, 0, 0, 1]"
465,"[0, 0, 0, 1, 0, 0, 1, 0, 0, 0, 0, 1]"
466,"[1, 0, 0, 0, 0, 1, 1, 0, 0, 1, 0, 1]"
467,"[0, 0, 0, 1, 0, 0, 0, 1, 0, 0, 1, 1]"
468,"[0, 0, 0, 0, 1, 0, 0, 0, 0, 0, 1, 1]"
2059,"[0, 0, 1, 1, 1, 0, 1, 1, 1, 1, 0, 0]"
469,"[0, 0, 0, 0, 1, 0, 0, 0, 0, 0, 1, 1]"
2061,"[0, 0, 0, 0, 1, 0, 1, 1, 0, 0, 0, 0]"
470,"[0, 0, 0, 1, 1, 0, 0, 0, 1, 0, 1, 1]"
2062,"[0, 0, 0, 0, 0, 0, 1, 1, 0, 0, 0, 0]"
2064,"[0, 0, 0, 0, 0, 0, 1, 1, 0, 0, 0, 0]"
2065,"[0, 0, 0, 0, 0, 0, 1, 1, 0, 0, 0, 0]"
473,"[0, 0, 1, 1, 1, 0, 1, 0, 1, 1, 1, 1]"
2066,"[0, 0, 0, 0, 0, 0, 1, 1, 0, 0, 0, 0]"
474,"[0, 0, 0, 0, 1, 0, 1, 0, 1, 0, 1, 1]"
475,"[0, 0, 1, 0, 0, 0, 1, 0, 1, 1, 1, 1]"
2068,"[0, 0, 0, 0, 0, 0, 1, 0, 0, 0, 0, 0]"
476,"[1, 0, 1, 1, 0, 1, 1, 0, 0, 1, 1, 1]"
477,"[0, 0, 1, 1, 0, 0, 1, 0, 0, 1, 1, 1]"
2069,"[0, 0, 0, 0, 0, 0, 1, 1, 0, 0, 0, 1]"
2070,"[0, 0, 1, 0, 0, 0, 0, 1, 1, 1, 0, 1]"
481,"[0, 0, 1, 1, 0, 0, 0, 0, 0, 1, 1, 0]"
483,"[0, 0, 0, 0, 0, 0, 0, 0, 0, 0, 1, 0]"
484,"[0, 0, 0, 1, 0, 0, 1, 0, 0, 0, 1, 0]"
2073,"[0, 0, 0, 1, 0, 0, 1, 1, 0, 0, 0, 0]"
2074,"[0, 0, 0, 0, 0, 0, 1, 1, 0, 0, 0, 0]"
487,"[0, 0, 1, 1, 1, 0, 0, 0, 1, 1, 0, 0]"
488,"[0, 0, 1, 1, 1, 0, 0, 0, 1, 1, 0, 0]"
489,"[0, 0, 1, 1, 1, 0, 1, 0, 1, 1, 1, 0]"
2076,"[0, 0, 1, 0, 0, 0, 1, 0, 0, 0, 0, 0]"
2077,"[0, 0, 1, 1, 0, 0, 1, 0, 0, 0, 0, 0]"
490,"[0, 0, 1, 1, 1, 0, 1, 0, 1, 1, 0, 0]"
491,"[0, 0, 0, 1, 1, 0, 0, 0, 1, 0, 1, 0]"
492,"[0, 0, 0, 1, 1, 0, 1, 0, 1, 0, 1, 0]"
2079,"[0, 0, 0, 1, 0, 0, 0, 0, 0, 1, 0, 0]"
493,"[0, 1, 1, 0, 1, 0, 1, 1, 1, 0, 1, 0]"
494,"[0, 1, 1, 1, 1, 0, 1, 1, 1, 0, 1, 0]"
2080,"[0, 0, 1, 0, 0, 0, 1, 0, 0, 0, 0, 0]"
496,"[0, 0, 0, 0, 0, 0, 0, 1, 0, 0, 0, 0]"
2081,"[0, 0, 0, 0, 0, 0, 1, 0, 0, 0, 0, 0]"
2082,"[0, 0, 0, 0, 0, 0, 1, 0, 0, 0, 0, 0]"
2083,"[0, 0, 0, 0, 0, 0, 1, 0, 0, 0, 0, 0]"
499,"[0, 0, 0, 1, 0, 0, 1, 0, 0, 0, 1, 0]"
2084,"[0, 0, 0, 0, 0, 0, 1, 0, 0, 0, 0, 0]"
500,"[0, 0, 0, 1, 0, 0, 0, 0, 0, 0, 1, 0]"
2085,"[0, 0, 1, 0, 0, 0, 1, 1, 0, 0, 0, 0]"
501,"[1, 0, 0, 1, 0, 1, 0, 0, 0, 0, 1, 0]"
502,"[1, 0, 0, 0, 0, 1, 0, 0, 0, 0, 1, 0]"
503,"[0, 0, 0, 1, 0, 0, 1, 0, 0, 0, 1, 0]"
504,"[0, 0, 0, 0, 0, 0, 0, 0, 0, 0, 1, 0]"
505,"[0, 0, 0, 0, 0, 0, 0, 0, 0, 0, 1, 0]"
2089,"[0, 0, 1, 1, 0, 0, 1, 1, 1, 0, 0, 0]"
2090,"[0, 0, 1, 1, 0, 0, 1, 1, 0, 1, 0, 0]"
2088,"[0, 0, 1, 0, 0, 0, 1, 1, 1, 1, 0, 0]"
2091,"[0, 0, 0, 0, 0, 0, 1, 1, 1, 1, 0, 0]"
510,"[0, 0, 0, 1, 0, 0, 0, 0, 0, 0, 0, 0]"
2093,"[0, 0, 0, 1, 0, 0, 1, 1, 0, 0, 0, 0]"
511,"[0, 0, 0, 0, 1, 0, 0, 1, 0, 0, 1, 0]"
512,"[0, 0, 1, 1, 1, 0, 1, 1, 0, 1, 1, 0]"
513,"[0, 0, 1, 0, 1, 0, 1, 0, 1, 0, 1, 0]"
2094,"[0, 0, 0, 1, 0, 0, 1, 1, 0, 0, 0, 0]"
514,"[0, 0, 1, 0, 1, 0, 0, 0, 1, 1, 1, 1]"
2095,"[0, 0, 1, 0, 0, 0, 1, 1, 0, 0, 0, 0]"
515,"[0, 0, 1, 0, 1, 0, 1, 0, 1, 0, 1, 1]"
516,"[0, 0, 1, 0, 1, 0, 1, 0, 1, 0, 1, 1]"
517,"[0, 0, 1, 0, 1, 0, 1, 0, 1, 1, 1, 1]"
2098,"[0, 0, 1, 0, 0, 0, 1, 1, 0, 0, 0, 0]"
2099,"[0, 0, 0, 0, 0, 0, 1, 1, 0, 0, 0, 0]"
519,"[0, 1, 1, 0, 0, 0, 0, 0, 1, 0, 0, 1]"
520,"[0, 0, 1, 0, 0, 0, 0, 0, 1, 0, 0, 1]"
2101,"[0, 0, 1, 0, 0, 0, 1, 0, 0, 0, 0, 0]"
523,"[0, 0, 0, 1, 0, 0, 1, 0, 0, 0, 0, 1]"
524,"[0, 0, 0, 1, 0, 0, 1, 0, 0, 0, 0, 1]"
525,"[0, 0, 0, 1, 0, 0, 0, 0, 0, 0, 0, 1]"
526,"[0, 0, 0, 1, 1, 0, 1, 0, 0, 0, 0, 1]"
2103,"[0, 0, 0, 0, 0, 0, 1, 1, 0, 0, 0, 1]"
2104,"[0, 0, 0, 0, 0, 0, 1, 1, 1, 0, 0, 1]"
2105,"[0, 0, 1, 0, 0, 0, 1, 1, 1, 0, 0, 1]"
529,"[1, 0, 0, 1, 1, 1, 1, 0, 0, 0, 0, 1]"
2106,"[0, 0, 1, 0, 1, 0, 1, 1, 1, 1, 0, 0]"
531,"[0, 0, 0, 1, 0, 0, 1, 0, 0, 0, 0, 1]"
2107,"[0, 0, 1, 0, 1, 0, 1, 1, 1, 1, 0, 0]"
534,"[0, 0, 0, 1, 0, 0, 1, 1, 0, 0, 0, 0]"
536,"[0, 0, 0, 0, 0, 0, 1, 1, 0, 0, 0, 0]"
2108,"[0, 0, 0, 0, 0, 0, 1, 0, 0, 0, 0, 0]"
537,"[0, 0, 0, 1, 0, 0, 1, 1, 0, 0, 0, 0]"
2109,"[0, 0, 0, 0, 0, 0, 1, 0, 0, 0, 0, 0]"
539,"[0, 0, 0, 0, 0, 0, 1, 0, 0, 0, 0, 0]"
540,"[0, 0, 0, 0, 0, 0, 1, 0, 0, 0, 0, 0]"
2111,"[0, 0, 0, 0, 0, 0, 1, 0, 0, 0, 0, 0]"
541,"[0, 0, 0, 0, 0, 0, 0, 0, 0, 0, 1, 0]"
542,"[0, 0, 0, 0, 0, 0, 0, 0, 0, 0, 1, 0]"
2113,"[0, 0, 0, 0, 0, 0, 1, 0, 0, 0, 0, 0]"
545,"[0, 0, 1, 0, 0, 0, 0, 1, 0, 1, 1, 0]"
2116,"[0, 0, 1, 0, 0, 0, 0, 0, 0, 0, 0, 0]"
546,"[0, 0, 1, 1, 0, 0, 0, 1, 0, 0, 1, 0]"
547,"[0, 0, 1, 0, 0, 0, 0, 1, 0, 1, 1, 0]"
2117,"[0, 0, 1, 1, 0, 0, 0, 0, 0, 1, 0, 0]"
548,"[0, 0, 1, 0, 1, 0, 0, 1, 0, 1, 1, 0]"
549,"[0, 0, 1, 0, 1, 0, 0, 1, 0, 1, 1, 0]"
2118,"[0, 0, 1, 1, 0, 0, 0, 0, 0, 0, 0, 0]"
2119,"[0, 0, 1, 1, 0, 0, 0, 0, 0, 0, 0, 0]"
550,"[0, 0, 1, 0, 1, 0, 1, 0, 0, 1, 1, 0]"
551,"[0, 0, 1, 0, 1, 0, 1, 0, 1, 0, 1, 0]"
2120,"[0, 1, 1, 1, 0, 0, 0, 0, 0, 1, 0, 0]"
552,"[0, 0, 0, 0, 0, 0, 1, 0, 0, 0, 1, 0]"
553,"[1, 0, 1, 0, 0, 1, 1, 0, 0, 1, 0, 0]"
2121,"[0, 1, 1, 1, 0, 0, 0, 1, 0, 1, 0, 0]"
555,"[0, 1, 0, 0, 0, 0, 1, 0, 0, 0, 0, 0]"
2122,"[0, 1, 1, 1, 0, 0, 0, 1, 0, 1, 0, 0]"
2123,"[0, 1, 1, 1, 0, 0, 0, 1, 0, 1, 0, 0]"
556,"[0, 0, 0, 1, 0, 0, 0, 0, 0, 0, 0, 0]"
558,"[0, 0, 0, 0, 0, 0, 1, 0, 0, 1, 0, 0]"
2124,"[0, 1, 1, 1, 0, 0, 0, 1, 0, 0, 0, 0]"
559,"[0, 0, 0, 0, 0, 0, 0, 0, 0, 1, 0, 0]"
560,"[0, 0, 0, 0, 0, 0, 0, 0, 0, 1, 0, 0]"
561,"[0, 0, 0, 1, 0, 0, 1, 0, 0, 0, 0, 0]"
562,"[0, 0, 0, 1, 0, 0, 1, 0, 0, 0, 0, 0]"
563,"[1, 0, 0, 0, 0, 1, 1, 0, 0, 1, 0, 0]"
2126,"[0, 0, 0, 1, 0, 0, 0, 1, 0, 0, 0, 0]"
566,"[0, 0, 0, 1, 0, 0, 1, 1, 0, 1, 1, 0]"
569,"[0, 0, 0, 1, 0, 0, 0, 1, 0, 0, 1, 0]"
2130,"[0, 0, 1, 1, 1, 0, 0, 1, 1, 1, 0, 0]"
570,"[0, 0, 0, 1, 0, 0, 1, 0, 0, 0, 0, 0]"
571,"[0, 0, 0, 0, 0, 0, 0, 0, 0, 0, 0, 0]"
573,"[0, 1, 0, 0, 0, 0, 1, 0, 0, 1, 0, 0]"
2133,"[0, 0, 1, 1, 1, 0, 0, 1, 1, 1, 0, 0]"
574,"[0, 0, 0, 0, 0, 0, 1, 0, 0, 0, 1, 0]"
575,"[0, 1, 0, 0, 0, 0, 0, 0, 0, 0, 1, 0]"
2135,"[0, 0, 1, 1, 1, 0, 0, 1, 1, 1, 0, 0]"
576,"[0, 0, 0, 0, 0, 0, 0, 0, 0, 0, 1, 0]"
577,"[0, 0, 0, 0, 0, 0, 0, 0, 0, 0, 1, 0]"
2136,"[0, 0, 0, 1, 1, 0, 0, 1, 1, 1, 0, 0]"
578,"[0, 0, 1, 0, 0, 0, 1, 0, 0, 0, 1, 0]"
579,"[0, 0, 0, 0, 0, 0, 1, 0, 0, 0, 0, 0]"
2137,"[0, 0, 1, 0, 0, 0, 1, 1, 0, 1, 0, 0]"
580,"[0, 0, 0, 0, 0, 0, 0, 0, 0, 0, 0, 0]"
2139,"[0, 0, 0, 0, 0, 0, 1, 1, 0, 0, 0, 0]"
583,"[0, 0, 0, 0, 0, 0, 0, 0, 0, 0, 0, 0]"
584,"[0, 0, 0, 0, 0, 0, 0, 0, 0, 0, 0, 0]"
2140,"[0, 0, 0, 0, 0, 0, 1, 1, 0, 1, 0, 0]"
585,"[0, 0, 0, 0, 0, 0, 1, 0, 0, 0, 0, 0]"
2141,"[0, 0, 0, 0, 0, 0, 1, 0, 0, 0, 0, 0]"
2142,"[0, 0, 0, 1, 0, 0, 1, 0, 0, 0, 0, 0]"
586,"[0, 1, 1, 0, 0, 0, 0, 1, 0, 1, 0, 0]"
587,"[0, 1, 1, 0, 0, 0, 0, 0, 0, 1, 0, 0]"
588,"[0, 1, 1, 0, 0, 0, 0, 0, 0, 1, 0, 0]"
589,"[0, 0, 1, 1, 1, 0, 0, 0, 0, 1, 0, 0]"
2143,"[0, 0, 0, 1, 0, 0, 1, 0, 0, 0, 0, 0]"
590,"[0, 1, 1, 0, 0, 0, 0, 0, 0, 1, 0, 0]"
591,"[0, 1, 1, 1, 1, 0, 0, 0, 0, 1, 0, 0]"
2145,"[0, 0, 0, 1, 0, 0, 1, 0, 0, 0, 0, 0]"
592,"[0, 1, 1, 1, 0, 0, 0, 0, 0, 1, 0, 0]"
2146,"[0, 0, 0, 0, 0, 0, 1, 0, 0, 0, 0, 0]"
593,"[0, 1, 1, 1, 0, 0, 0, 0, 0, 1, 0, 0]"
594,"[0, 1, 1, 1, 0, 0, 1, 0, 0, 1, 0, 0]"
595,"[0, 1, 1, 1, 0, 0, 1, 0, 0, 1, 0, 0]"
2148,"[0, 0, 0, 0, 0, 0, 1, 0, 0, 0, 0, 0]"
2150,"[0, 0, 0, 1, 0, 0, 1, 0, 0, 0, 0, 0]"
597,"[1, 1, 0, 1, 0, 1, 0, 0, 0, 0, 0, 0]"
598,"[0, 1, 1, 1, 0, 0, 1, 0, 0, 1, 0, 0]"
2152,"[0, 0, 0, 0, 0, 0, 1, 1, 0, 0, 0, 0]"
600,"[0, 1, 1, 1, 0, 0, 1, 0, 0, 1, 1, 0]"
603,"[0, 0, 1, 0, 0, 0, 1, 0, 0, 1, 1, 1]"
604,"[0, 0, 1, 0, 0, 0, 1, 0, 0, 1, 1, 1]"
606,"[0, 0, 1, 0, 0, 0, 1, 0, 0, 1, 1, 1]"
607,"[0, 0, 0, 0, 1, 0, 1, 0, 0, 0, 1, 1]"
608,"[0, 1, 0, 1, 1, 0, 1, 0, 1, 0, 1, 1]"
609,"[0, 0, 0, 0, 1, 0, 1, 0, 1, 0, 1, 1]"
2154,"[0, 0, 0, 1, 1, 0, 0, 1, 1, 0, 0, 0]"
612,"[0, 0, 0, 1, 1, 0, 1, 0, 1, 0, 1, 1]"
614,"[0, 1, 0, 1, 1, 0, 1, 0, 1, 0, 1, 1]"
615,"[0, 1, 0, 1, 1, 0, 1, 0, 1, 0, 1, 1]"
2156,"[0, 0, 0, 1, 1, 0, 0, 0, 1, 0, 0, 0]"
616,"[1, 1, 0, 1, 1, 1, 0, 0, 1, 1, 1, 1]"
2158,"[0, 0, 0, 0, 0, 0, 0, 1, 0, 0, 0, 0]"
2159,"[0, 0, 1, 0, 0, 0, 0, 0, 0, 1, 0, 0]"
619,"[0, 1, 1, 1, 1, 0, 1, 1, 1, 0, 1, 0]"
2160,"[0, 0, 1, 0, 0, 0, 0, 0, 0, 0, 0, 0]"
2162,"[0, 0, 1, 0, 0, 0, 0, 0, 0, 1, 0, 0]"
622,"[0, 1, 1, 1, 1, 0, 0, 0, 1, 1, 1, 0]"
2163,"[0, 0, 0, 0, 0, 0, 0, 0, 0, 0, 0, 0]"
623,"[0, 1, 0, 0, 1, 0, 1, 0, 1, 0, 1, 0]"
624,"[0, 1, 0, 1, 1, 0, 0, 0, 1, 0, 1, 0]"
625,"[0, 0, 0, 0, 1, 0, 1, 0, 1, 0, 1, 0]"
626,"[0, 1, 0, 0, 1, 0, 0, 0, 1, 0, 1, 0]"
2164,"[0, 0, 0, 1, 0, 0, 0, 0, 0, 1, 0, 0]"
627,"[0, 1, 0, 0, 0, 0, 1, 0, 1, 0, 0, 0]"
2165,"[0, 0, 1, 1, 0, 0, 0, 0, 0, 1, 0, 0]"
628,"[0, 1, 0, 0, 0, 0, 0, 0, 1, 0, 0, 0]"
629,"[0, 1, 0, 0, 0, 0, 0, 0, 0, 0, 1, 0]"
631,"[1, 0, 0, 0, 0, 1, 1, 0, 0, 0, 1, 0]"
2166,"[0, 0, 1, 1, 0, 0, 0, 0, 0, 1, 0, 0]"
633,"[0, 0, 0, 0, 0, 0, 1, 0, 0, 0, 1, 0]"
634,"[0, 0, 0, 1, 0, 0, 1, 1, 0, 0, 1, 0]"
635,"[0, 0, 0, 1, 0, 0, 0, 1, 0, 0, 1, 0]"
636,"[0, 0, 0, 1, 0, 0, 1, 1, 0, 0, 1, 0]"
637,"[0, 0, 0, 1, 0, 0, 0, 1, 0, 0, 0, 1]"
2168,"[0, 0, 0, 1, 0, 0, 0, 1, 1, 0, 0, 1]"
2169,"[0, 0, 0, 0, 1, 0, 0, 1, 1, 0, 0, 0]"
638,"[0, 0, 0, 0, 0, 0, 0, 0, 0, 0, 0, 1]"
639,"[0, 0, 0, 0, 0, 0, 0, 0, 0, 0, 0, 1]"
640,"[1, 0, 0, 1, 0, 1, 0, 1, 0, 0, 0, 1]"
2170,"[0, 0, 0, 1, 1, 0, 0, 1, 1, 0, 0, 0]"
641,"[0, 0, 0, 0, 0, 0, 0, 0, 0, 1, 0, 1]"
642,"[1, 0, 0, 0, 0, 1, 1, 0, 0, 0, 0, 1]"
2171,"[0, 0, 0, 1, 1, 0, 0, 1, 1, 0, 0, 0]"
2172,"[0, 0, 0, 1, 1, 0, 0, 1, 1, 0, 0, 0]"
645,"[0, 0, 0, 1, 0, 0, 1, 1, 0, 0, 0, 1]"
2173,"[0, 0, 0, 1, 1, 0, 0, 1, 1, 0, 0, 0]"
646,"[0, 0, 0, 1, 0, 0, 0, 1, 0, 0, 1, 1]"
2174,"[0, 0, 0, 1, 1, 0, 0, 1, 1, 0, 0, 0]"
648,"[0, 0, 0, 0, 0, 0, 0, 0, 0, 0, 1, 1]"
652,"[0, 0, 0, 1, 0, 0, 0, 0, 0, 0, 0, 1]"
653,"[0, 0, 0, 0, 0, 0, 0, 0, 0, 0, 0, 1]"
656,"[0, 0, 0, 1, 0, 0, 0, 0, 0, 0, 0, 0]"
658,"[0, 1, 0, 0, 0, 0, 0, 0, 0, 0, 0, 0]"
659,"[0, 1, 0, 0, 0, 0, 0, 0, 0, 0, 1, 0]"
660,"[0, 1, 0, 0, 0, 0, 0, 0, 0, 0, 1, 0]"
661,"[0, 1, 0, 1, 1, 0, 0, 0, 0, 0, 1, 0]"
663,"[0, 1, 0, 1, 1, 0, 0, 1, 0, 0, 1, 0]"
664,"[0, 1, 0, 1, 1, 0, 0, 0, 1, 0, 1, 0]"
665,"[0, 1, 0, 1, 1, 0, 0, 0, 1, 0, 1, 0]"
2179,"[0, 0, 1, 0, 0, 0, 0, 0, 0, 0, 0, 0]"
666,"[0, 1, 1, 1, 1, 0, 0, 0, 1, 1, 1, 0]"
667,"[0, 1, 1, 1, 1, 0, 0, 0, 1, 1, 1, 0]"
668,"[0, 1, 1, 1, 1, 0, 1, 0, 1, 1, 0, 0]"
2180,"[0, 0, 0, 0, 0, 0, 0, 0, 0, 0, 0, 0]"
669,"[0, 1, 1, 1, 1, 0, 0, 0, 1, 1, 0, 0]"
2182,"[0, 0, 1, 0, 0, 0, 0, 0, 0, 0, 0, 0]"
2183,"[0, 0, 0, 0, 0, 0, 1, 0, 0, 0, 0, 0]"
671,"[0, 1, 1, 1, 1, 0, 0, 0, 1, 1, 0, 1]"
672,"[0, 1, 1, 1, 1, 0, 0, 0, 1, 1, 0, 1]"
673,"[0, 1, 0, 1, 0, 0, 0, 0, 1, 1, 0, 1]"
2184,"[0, 0, 0, 0, 0, 0, 1, 0, 0, 0, 0, 0]"
674,"[0, 1, 1, 1, 0, 0, 0, 1, 0, 1, 1, 1]"
2185,"[0, 0, 1, 0, 0, 0, 1, 0, 0, 1, 0, 0]"
675,"[0, 1, 0, 1, 0, 0, 1, 1, 0, 0, 1, 1]"
2186,"[0, 0, 1, 0, 0, 0, 1, 0, 0, 1, 0, 0]"
681,"[0, 1, 1, 1, 0, 0, 0, 1, 0, 1, 0, 1]"
2188,"[0, 0, 0, 0, 0, 0, 1, 1, 1, 0, 0, 0]"
682,"[0, 1, 0, 1, 0, 0, 0, 0, 0, 0, 0, 1]"
683,"[0, 1, 0, 1, 0, 0, 1, 0, 0, 0, 0, 1]"
684,"[0, 1, 0, 1, 0, 0, 0, 0, 0, 0, 0, 1]"
686,"[0, 1, 0, 1, 0, 0, 1, 0, 0, 0, 0, 1]"
2189,"[0, 0, 0, 0, 1, 0, 0, 1, 1, 0, 0, 0]"
687,"[0, 1, 0, 1, 0, 0, 0, 0, 0, 0, 0, 1]"
688,"[0, 1, 1, 1, 0, 0, 1, 0, 0, 1, 0, 1]"
2190,"[0, 0, 1, 0, 1, 0, 1, 1, 1, 0, 0, 0]"
689,"[0, 1, 1, 1, 0, 0, 1, 0, 0, 1, 0, 1]"
2191,"[0, 0, 0, 0, 1, 0, 1, 1, 1, 0, 0, 0]"
690,"[0, 1, 1, 1, 0, 0, 0, 0, 0, 1, 0, 1]"
691,"[0, 1, 0, 1, 0, 0, 0, 0, 0, 0, 0, 1]"
692,"[0, 1, 1, 1, 0, 0, 0, 0, 0, 0, 0, 1]"
2194,"[0, 0, 0, 0, 1, 0, 1, 1, 1, 0, 0, 1]"
694,"[0, 1, 1, 1, 0, 0, 0, 0, 0, 1, 0, 1]"
2195,"[0, 0, 0, 0, 1, 0, 1, 1, 1, 0, 0, 1]"
696,"[0, 1, 1, 1, 0, 0, 1, 1, 0, 0, 1, 1]"
697,"[0, 1, 1, 1, 0, 0, 0, 0, 0, 1, 1, 1]"
698,"[0, 1, 1, 1, 0, 0, 0, 1, 0, 0, 1, 1]"
699,"[0, 1, 1, 1, 0, 0, 0, 1, 0, 0, 1, 1]"
2196,"[0, 0, 1, 0, 0, 0, 0, 0, 0, 1, 0, 1]"
701,"[0, 1, 1, 1, 0, 0, 1, 1, 0, 1, 1, 1]"
702,"[0, 1, 1, 1, 0, 0, 0, 0, 0, 0, 1, 1]"
703,"[0, 1, 1, 1, 0, 0, 1, 0, 0, 1, 1, 1]"
2197,"[0, 0, 0, 0, 0, 0, 0, 0, 0, 0, 0, 1]"
2198,"[0, 0, 1, 1, 0, 0, 0, 0, 0, 0, 0, 1]"
704,"[0, 1, 1, 1, 0, 0, 1, 1, 0, 1, 1, 1]"
706,"[0, 1, 1, 1, 0, 0, 1, 1, 0, 1, 1, 1]"
2199,"[0, 1, 0, 1, 0, 0, 0, 0, 0, 0, 0, 1]"
708,"[0, 1, 1, 1, 0, 0, 0, 0, 0, 0, 1, 1]"
2200,"[0, 0, 0, 1, 0, 0, 0, 0, 0, 0, 0, 1]"
709,"[0, 1, 1, 1, 0, 0, 1, 1, 0, 0, 1, 1]"
710,"[0, 1, 1, 1, 0, 0, 0, 1, 0, 0, 0, 1]"
711,"[0, 1, 1, 1, 0, 0, 0, 1, 0, 1, 0, 1]"
2201,"[0, 1, 0, 1, 0, 0, 0, 0, 0, 0, 0, 1]"
712,"[0, 1, 1, 1, 0, 0, 1, 1, 0, 0, 0, 1]"
713,"[0, 1, 0, 1, 0, 0, 0, 1, 0, 0, 0, 1]"
714,"[0, 1, 1, 1, 0, 0, 1, 1, 0, 0, 0, 1]"
715,"[0, 1, 0, 1, 0, 0, 0, 0, 0, 0, 0, 1]"
716,"[0, 1, 0, 1, 0, 0, 1, 0, 0, 0, 0, 1]"
717,"[0, 1, 0, 1, 0, 0, 1, 1, 0, 0, 0, 1]"
718,"[0, 1, 0, 1, 0, 0, 0, 0, 0, 0, 0, 1]"
2203,"[0, 0, 0, 0, 0, 0, 0, 0, 0, 1, 0, 0]"
720,"[0, 1, 0, 1, 0, 0, 0, 1, 0, 0, 0, 1]"
721,"[0, 1, 0, 1, 0, 0, 0, 0, 0, 0, 0, 1]"
2204,"[0, 0, 1, 0, 0, 0, 0, 0, 0, 0, 0, 0]"
722,"[0, 1, 0, 1, 0, 0, 0, 0, 0, 0, 0, 1]"
723,"[0, 1, 0, 1, 0, 0, 0, 0, 0, 0, 0, 1]"
724,"[0, 1, 0, 1, 0, 0, 0, 0, 0, 0, 0, 1]"
2205,"[0, 0, 1, 0, 0, 0, 0, 0, 1, 0, 0, 0]"
2206,"[0, 0, 1, 0, 0, 0, 0, 0, 0, 1, 0, 0]"
725,"[0, 1, 0, 1, 0, 0, 0, 1, 0, 0, 0, 1]"
2207,"[0, 0, 1, 0, 0, 0, 0, 0, 0, 1, 0, 0]"
726,"[0, 1, 1, 1, 0, 0, 0, 1, 0, 0, 0, 1]"
728,"[0, 1, 0, 1, 0, 0, 1, 0, 0, 0, 0, 1]"
2208,"[0, 0, 1, 0, 1, 0, 0, 1, 1, 1, 0, 1]"
730,"[0, 0, 0, 1, 0, 0, 1, 0, 0, 0, 0, 1]"
731,"[0, 0, 1, 1, 0, 0, 0, 0, 0, 0, 0, 1]"
732,"[0, 1, 0, 1, 0, 0, 0, 0, 0, 0, 0, 1]"
733,"[0, 1, 0, 1, 0, 0, 1, 1, 0, 0, 0, 1]"
734,"[0, 1, 0, 1, 0, 0, 1, 1, 0, 0, 0, 1]"
735,"[0, 1, 1, 1, 0, 0, 1, 0, 0, 1, 0, 1]"
2212,"[0, 0, 0, 1, 0, 0, 0, 0, 0, 1, 0, 0]"
736,"[0, 1, 1, 1, 0, 0, 0, 1, 0, 0, 0, 1]"
737,"[0, 1, 1, 1, 0, 0, 1, 0, 0, 1, 0, 1]"
738,"[0, 1, 1, 1, 0, 0, 1, 0, 0, 1, 0, 1]"
2213,"[0, 0, 0, 0, 0, 0, 0, 0, 0, 0, 0, 1]"
739,"[0, 1, 1, 1, 0, 0, 0, 1, 0, 1, 0, 1]"
2214,"[0, 0, 1, 0, 0, 0, 0, 0, 0, 0, 0, 0]"
740,"[0, 1, 1, 1, 0, 0, 1, 1, 0, 0, 0, 1]"
742,"[0, 1, 1, 1, 0, 0, 0, 0, 0, 0, 1, 1]"
743,"[0, 1, 1, 1, 0, 0, 1, 1, 0, 0, 0, 1]"
2217,"[0, 0, 0, 0, 0, 0, 0, 0, 0, 0, 0, 0]"
745,"[0, 1, 0, 1, 0, 0, 0, 1, 0, 0, 0, 1]"
2218,"[0, 0, 0, 1, 0, 0, 0, 0, 0, 0, 0, 0]"
2219,"[0, 0, 0, 1, 0, 0, 0, 0, 0, 0, 0, 0]"
2220,"[0, 0, 0, 1, 0, 0, 0, 0, 0, 0, 0, 0]"
747,"[0, 1, 0, 1, 0, 0, 0, 0, 0, 0, 0, 1]"
2221,"[0, 0, 0, 1, 0, 0, 0, 0, 0, 0, 0, 0]"
749,"[0, 1, 0, 1, 0, 0, 0, 0, 0, 0, 0, 1]"
750,"[0, 1, 0, 1, 0, 0, 0, 0, 0, 0, 0, 1]"
751,"[0, 1, 0, 1, 0, 0, 0, 1, 0, 0, 0, 1]"
752,"[0, 1, 0, 1, 0, 0, 0, 1, 0, 0, 0, 1]"
753,"[0, 1, 0, 1, 0, 0, 0, 0, 0, 0, 0, 1]"
754,"[0, 0, 0, 1, 0, 0, 0, 0, 0, 1, 0, 1]"
756,"[0, 0, 0, 0, 0, 0, 0, 0, 0, 1, 0, 1]"
2224,"[0, 0, 1, 1, 0, 0, 0, 0, 0, 0, 0, 0]"
757,"[0, 0, 0, 0, 0, 0, 0, 0, 0, 0, 1, 1]"
758,"[0, 0, 0, 0, 0, 0, 0, 0, 0, 1, 1, 1]"
760,"[0, 1, 1, 0, 0, 0, 1, 0, 0, 1, 1, 1]"
762,"[0, 1, 1, 0, 0, 0, 0, 0, 0, 1, 1, 1]"
763,"[0, 1, 1, 0, 0, 0, 0, 0, 0, 1, 1, 1]"
2227,"[0, 0, 0, 0, 0, 0, 0, 0, 0, 1, 0, 0]"
2228,"[0, 0, 0, 0, 0, 0, 0, 0, 0, 1, 0, 0]"
766,"[0, 1, 0, 1, 0, 0, 0, 0, 0, 1, 0, 1]"
768,"[0, 1, 0, 1, 0, 0, 0, 0, 0, 0, 0, 1]"
769,"[1, 0, 1, 1, 0, 1, 1, 1, 0, 0, 1, 1]"
2231,"[0, 0, 1, 0, 1, 0, 0, 1, 1, 1, 0, 0]"
770,"[1, 1, 0, 1, 0, 1, 1, 0, 0, 0, 1, 1]"
771,"[0, 1, 0, 0, 0, 0, 1, 0, 0, 1, 1, 1]"
773,"[0, 1, 0, 0, 0, 0, 1, 0, 0, 0, 0, 1]"
2233,"[0, 0, 0, 0, 1, 0, 0, 1, 1, 1, 0, 0]"
774,"[0, 0, 0, 1, 0, 0, 1, 0, 0, 0, 0, 1]"
775,"[0, 1, 0, 1, 0, 0, 1, 0, 0, 0, 0, 1]"
776,"[0, 1, 0, 1, 0, 0, 1, 1, 0, 0, 0, 1]"
777,"[0, 1, 0, 1, 0, 0, 1, 0, 0, 0, 0, 1]"
2235,"[0, 0, 1, 0, 1, 0, 0, 1, 1, 1, 0, 0]"
778,"[0, 0, 0, 1, 0, 0, 1, 0, 0, 0, 0, 1]"
2236,"[0, 0, 1, 1, 1, 0, 0, 1, 1, 1, 0, 0]"
779,"[0, 1, 0, 1, 0, 0, 0, 0, 0, 0, 0, 1]"
780,"[0, 1, 0, 1, 0, 0, 1, 0, 0, 0, 0, 1]"
2237,"[0, 0, 0, 1, 1, 0, 0, 1, 1, 0, 0, 0]"
2239,"[0, 0, 0, 1, 0, 0, 0, 1, 0, 0, 0, 0]"
784,"[0, 1, 0, 1, 0, 0, 0, 0, 0, 0, 0, 1]"
2241,"[0, 0, 1, 0, 0, 0, 0, 0, 0, 0, 0, 0]"
2242,"[0, 0, 1, 0, 0, 0, 0, 0, 0, 1, 0, 0]"
791,"[0, 1, 0, 1, 0, 0, 0, 1, 0, 0, 0, 1]"
2243,"[0, 0, 1, 0, 0, 0, 0, 0, 0, 1, 0, 0]"
792,"[0, 1, 0, 1, 0, 0, 0, 1, 0, 0, 0, 1]"
793,"[0, 1, 0, 1, 0, 0, 1, 0, 0, 0, 0, 1]"
795,"[0, 0, 1, 1, 0, 0, 0, 0, 0, 1, 0, 1]"
2244,"[0, 0, 1, 1, 0, 0, 0, 0, 0, 1, 0, 0]"
796,"[0, 1, 1, 0, 0, 0, 0, 1, 0, 1, 0, 1]"
797,"[0, 1, 1, 0, 0, 0, 1, 1, 0, 1, 0, 0]"
2247,"[0, 0, 0, 1, 0, 0, 0, 0, 0, 0, 0, 0]"
799,"[0, 0, 1, 0, 0, 0, 1, 0, 0, 1, 0, 0]"
800,"[0, 0, 1, 1, 0, 0, 1, 0, 0, 1, 0, 0]"
801,"[0, 0, 1, 1, 0, 0, 1, 0, 0, 1, 0, 0]"
2248,"[0, 0, 1, 1, 0, 0, 0, 0, 0, 0, 0, 0]"
2249,"[0, 0, 1, 0, 0, 0, 0, 0, 0, 1, 0, 0]"
804,"[0, 0, 1, 0, 0, 0, 1, 0, 0, 1, 0, 0]"
805,"[0, 0, 1, 1, 0, 0, 1, 0, 0, 1, 0, 0]"
806,"[0, 0, 1, 1, 0, 0, 1, 0, 0, 1, 0, 0]"
808,"[0, 0, 1, 1, 0, 0, 0, 0, 0, 1, 0, 0]"
2252,"[0, 0, 0, 1, 0, 0, 0, 1, 0, 0, 0, 0]"
2253,"[0, 0, 0, 1, 0, 0, 0, 1, 1, 0, 0, 0]"
810,"[0, 0, 1, 1, 0, 0, 1, 0, 0, 1, 0, 0]"
811,"[0, 0, 1, 1, 0, 0, 1, 0, 0, 1, 0, 0]"
812,"[0, 0, 1, 0, 0, 0, 1, 0, 0, 1, 0, 0]"
2254,"[0, 0, 0, 1, 1, 0, 0, 1, 1, 0, 0, 0]"
813,"[0, 0, 1, 0, 0, 0, 1, 0, 0, 1, 0, 0]"
2255,"[0, 0, 0, 0, 1, 0, 0, 1, 1, 0, 0, 0]"
814,"[0, 0, 1, 0, 0, 0, 1, 0, 0, 1, 0, 0]"
2256,"[0, 0, 0, 0, 1, 0, 0, 1, 1, 0, 0, 0]"
815,"[0, 0, 1, 0, 0, 0, 1, 0, 0, 1, 0, 0]"
816,"[1, 0, 1, 1, 0, 1, 1, 0, 0, 0, 0, 0]"
818,"[0, 0, 0, 1, 0, 0, 0, 0, 0, 0, 0, 0]"
2257,"[0, 0, 0, 1, 1, 0, 0, 1, 1, 0, 0, 0]"
820,"[0, 0, 0, 1, 0, 0, 0, 0, 0, 0, 0, 0]"
822,"[0, 0, 0, 0, 0, 0, 0, 0, 0, 0, 0, 0]"
2258,"[0, 0, 0, 1, 1, 0, 0, 1, 1, 0, 0, 0]"
823,"[0, 0, 0, 0, 0, 0, 0, 0, 0, 0, 1, 0]"
824,"[0, 0, 0, 0, 0, 0, 1, 0, 0, 0, 1, 0]"
825,"[0, 0, 0, 0, 0, 0, 1, 0, 0, 0, 1, 0]"
826,"[0, 0, 0, 0, 0, 0, 1, 0, 0, 0, 1, 0]"
827,"[0, 0, 1, 0, 0, 0, 0, 0, 0, 1, 0, 0]"
2261,"[0, 0, 0, 0, 1, 0, 0, 1, 1, 0, 0, 0]"
828,"[0, 0, 0, 0, 0, 0, 0, 0, 0, 0, 0, 0]"
830,"[0, 0, 0, 1, 0, 0, 1, 0, 0, 0, 0, 0]"
2262,"[0, 0, 0, 1, 0, 0, 0, 1, 0, 0, 0, 0]"
832,"[0, 0, 0, 1, 0, 0, 1, 0, 0, 0, 1, 0]"
2263,"[0, 0, 1, 0, 0, 0, 0, 0, 0, 1, 0, 0]"
833,"[0, 1, 0, 1, 1, 0, 0, 0, 0, 0, 1, 0]"
2264,"[0, 0, 1, 0, 0, 0, 0, 0, 0, 1, 0, 0]"
835,"[0, 1, 0, 1, 1, 0, 1, 0, 0, 0, 1, 0]"
2265,"[0, 0, 1, 0, 0, 0, 0, 0, 0, 1, 0, 0]"
836,"[0, 1, 1, 1, 1, 0, 0, 0, 0, 0, 1, 0]"
2266,"[0, 0, 1, 0, 0, 0, 0, 0, 0, 1, 0, 0]"
837,"[0, 1, 0, 1, 0, 0, 0, 0, 0, 0, 0, 0]"
2267,"[0, 0, 1, 0, 0, 0, 0, 0, 0, 1, 0, 0]"
2269,"[0, 0, 1, 0, 0, 0, 0, 0, 0, 1, 0, 0]"
2270,"[0, 0, 1, 1, 0, 0, 0, 0, 0, 1, 0, 0]"
2271,"[0, 0, 0, 0, 0, 0, 0, 0, 0, 0, 0, 0]"
842,"[0, 1, 0, 0, 0, 0, 0, 0, 0, 0, 0, 0]"
2273,"[0, 0, 1, 0, 0, 0, 0, 0, 0, 1, 0, 0]"
843,"[0, 0, 0, 1, 0, 0, 1, 0, 0, 0, 0, 0]"
844,"[0, 1, 0, 1, 0, 0, 0, 1, 0, 0, 1, 0]"
2275,"[0, 0, 0, 1, 0, 0, 0, 0, 0, 0, 0, 0]"
846,"[0, 0, 0, 0, 0, 0, 1, 0, 0, 0, 1, 0]"
2276,"[0, 0, 0, 1, 0, 0, 0, 0, 0, 0, 0, 0]"
2277,"[0, 0, 0, 0, 0, 0, 0, 0, 0, 0, 0, 0]"
848,"[0, 0, 0, 1, 0, 0, 1, 0, 0, 0, 1, 0]"
849,"[0, 0, 0, 1, 1, 0, 1, 0, 0, 1, 1, 0]"
2278,"[0, 0, 0, 0, 0, 0, 0, 0, 0, 0, 0, 1]"
850,"[0, 0, 0, 0, 1, 0, 0, 0, 0, 0, 1, 0]"
2279,"[0, 0, 0, 1, 0, 0, 0, 1, 0, 0, 0, 1]"
851,"[1, 0, 1, 1, 1, 1, 0, 0, 0, 1, 1, 0]"
852,"[0, 0, 0, 0, 1, 0, 1, 0, 0, 1, 1, 0]"
853,"[0, 0, 0, 1, 1, 0, 0, 0, 1, 0, 1, 0]"
854,"[0, 0, 0, 0, 1, 0, 1, 0, 0, 0, 1, 0]"
2281,"[0, 0, 0, 1, 0, 0, 0, 1, 1, 0, 0, 1]"
855,"[0, 0, 0, 1, 1, 0, 1, 0, 0, 0, 1, 0]"
856,"[0, 0, 0, 0, 1, 0, 1, 0, 0, 1, 1, 0]"
2282,"[0, 0, 0, 1, 1, 0, 0, 1, 1, 0, 0, 1]"
860,"[1, 0, 0, 0, 1, 1, 1, 0, 1, 0, 1, 0]"
861,"[0, 0, 0, 1, 0, 0, 1, 0, 0, 0, 1, 0]"
862,"[0, 0, 0, 1, 0, 0, 1, 0, 0, 0, 1, 0]"
863,"[0, 0, 0, 1, 0, 0, 1, 0, 0, 0, 1, 0]"
864,"[0, 0, 0, 0, 0, 0, 1, 0, 0, 0, 0, 0]"
865,"[0, 0, 0, 0, 0, 0, 1, 0, 0, 0, 1, 0]"
866,"[0, 0, 0, 0, 0, 0, 0, 0, 0, 0, 0, 0]"
2287,"[0, 0, 1, 0, 1, 0, 0, 1, 1, 0, 0, 0]"
2288,"[0, 0, 0, 0, 1, 0, 0, 1, 1, 0, 0, 0]"
868,"[0, 0, 1, 0, 0, 0, 1, 0, 0, 0, 1, 0]"
870,"[0, 0, 0, 1, 0, 0, 0, 0, 0, 0, 1, 0]"
871,"[0, 0, 0, 0, 0, 0, 1, 0, 0, 0, 0, 0]"
872,"[0, 0, 0, 0, 0, 0, 0, 0, 0, 0, 0, 0]"
2291,"[0, 0, 0, 0, 1, 0, 0, 1, 0, 0, 0, 0]"
873,"[0, 0, 0, 0, 0, 0, 0, 0, 0, 0, 0, 0]"
2292,"[0, 0, 0, 0, 1, 0, 0, 1, 1, 0, 0, 0]"
2293,"[0, 0, 0, 0, 0, 0, 0, 1, 0, 0, 0, 1]"
875,"[0, 0, 0, 0, 0, 0, 0, 0, 0, 0, 0, 0]"
876,"[0, 0, 0, 0, 0, 0, 0, 0, 0, 0, 0, 0]"
877,"[0, 0, 0, 0, 0, 0, 0, 0, 0, 0, 0, 0]"
2294,"[0, 0, 1, 0, 0, 0, 0, 1, 0, 0, 0, 1]"
878,"[0, 0, 1, 1, 0, 0, 0, 0, 0, 1, 0, 0]"
880,"[0, 0, 0, 1, 0, 0, 0, 0, 0, 0, 0, 0]"
2297,"[0, 0, 0, 0, 0, 0, 0, 0, 0, 0, 0, 1]"
881,"[0, 0, 1, 1, 0, 0, 1, 0, 0, 0, 0, 0]"
2298,"[0, 0, 0, 1, 0, 0, 0, 0, 0, 0, 0, 1]"
882,"[0, 0, 1, 1, 0, 0, 0, 0, 0, 1, 0, 0]"
2299,"[0, 0, 0, 0, 0, 0, 0, 0, 0, 0, 0, 1]"
883,"[0, 0, 1, 0, 0, 0, 1, 0, 0, 1, 1, 0]"
2300,"[0, 0, 1, 1, 0, 0, 0, 0, 0, 0, 0, 1]"
884,"[0, 0, 1, 1, 0, 0, 0, 0, 0, 1, 1, 0]"
2301,"[0, 0, 0, 0, 0, 0, 0, 0, 0, 0, 0, 1]"
885,"[0, 0, 1, 0, 0, 0, 1, 0, 0, 1, 0, 0]"
2302,"[0, 0, 0, 0, 0, 0, 0, 0, 0, 0, 0, 1]"
886,"[0, 1, 0, 0, 0, 0, 0, 0, 0, 0, 0, 0]"
2303,"[0, 0, 0, 1, 0, 0, 0, 0, 0, 0, 0, 1]"
2304,"[0, 0, 0, 1, 0, 0, 0, 0, 0, 0, 0, 1]"
887,"[1, 0, 0, 0, 0, 1, 1, 0, 0, 0, 0, 0]"
2305,"[0, 0, 0, 0, 0, 0, 0, 0, 0, 0, 0, 1]"
888,"[0, 1, 0, 0, 0, 0, 1, 0, 0, 0, 0, 0]"
2306,"[0, 0, 0, 0, 0, 0, 0, 0, 0, 0, 0, 1]"
889,"[0, 0, 0, 0, 0, 0, 1, 0, 0, 0, 0, 0]"
890,"[0, 0, 0, 0, 0, 0, 1, 0, 0, 0, 1, 0]"
2307,"[0, 1, 0, 0, 0, 0, 0, 0, 0, 0, 0, 1]"
2308,"[0, 0, 1, 0, 0, 0, 0, 0, 0, 0, 0, 1]"
891,"[0, 0, 0, 1, 0, 0, 1, 0, 0, 0, 1, 0]"
892,"[0, 0, 0, 1, 0, 0, 1, 0, 0, 0, 0, 0]"
893,"[0, 0, 0, 1, 1, 0, 1, 0, 0, 0, 1, 0]"
2309,"[0, 0, 0, 1, 0, 0, 0, 0, 0, 0, 0, 1]"
2310,"[0, 0, 0, 1, 0, 0, 0, 1, 0, 0, 0, 1]"
894,"[0, 0, 0, 0, 1, 0, 1, 0, 0, 0, 1, 0]"
895,"[0, 0, 0, 1, 1, 0, 1, 0, 0, 0, 1, 0]"
896,"[0, 0, 0, 1, 1, 0, 1, 0, 1, 0, 1, 0]"
2311,"[0, 0, 0, 1, 0, 0, 0, 0, 0, 0, 0, 1]"
897,"[1, 0, 0, 1, 1, 1, 0, 0, 0, 0, 1, 0]"
2312,"[0, 0, 0, 1, 0, 0, 0, 1, 1, 0, 0, 1]"
898,"[0, 1, 0, 1, 1, 0, 1, 0, 1, 1, 1, 0]"
899,"[0, 0, 0, 0, 1, 0, 1, 0, 1, 0, 1, 0]"
2314,"[0, 0, 0, 1, 1, 0, 0, 1, 1, 0, 0, 1]"
2315,"[0, 0, 0, 1, 1, 0, 0, 1, 1, 0, 0, 1]"
901,"[0, 0, 0, 0, 1, 0, 1, 0, 0, 0, 1, 0]"
902,"[0, 0, 0, 0, 1, 0, 1, 0, 0, 0, 1, 0]"
2316,"[0, 0, 0, 1, 1, 0, 0, 1, 1, 0, 0, 1]"
904,"[0, 0, 0, 0, 1, 0, 0, 0, 0, 0, 1, 0]"
905,"[0, 0, 0, 1, 1, 0, 1, 0, 1, 0, 1, 0]"
906,"[0, 0, 0, 0, 1, 0, 0, 0, 1, 0, 1, 0]"
2317,"[0, 1, 0, 0, 1, 0, 0, 1, 0, 1, 0, 1]"
908,"[0, 0, 0, 0, 1, 0, 0, 0, 0, 0, 1, 0]"
909,"[0, 0, 0, 0, 1, 0, 1, 0, 1, 0, 1, 0]"
910,"[0, 0, 0, 1, 0, 0, 1, 0, 0, 0, 1, 0]"
2318,"[0, 0, 0, 1, 0, 0, 0, 1, 1, 0, 0, 0]"
2319,"[0, 0, 0, 1, 1, 0, 0, 1, 1, 0, 0, 0]"
913,"[1, 0, 0, 1, 0, 1, 1, 0, 0, 0, 1, 0]"
2320,"[0, 1, 1, 0, 1, 0, 0, 1, 0, 1, 0, 0]"
914,"[0, 0, 0, 0, 0, 0, 1, 0, 0, 0, 0, 0]"
2321,"[0, 0, 1, 1, 0, 0, 1, 1, 0, 0, 0, 0]"
915,"[1, 0, 0, 0, 0, 1, 0, 0, 0, 0, 0, 0]"
917,"[0, 0, 0, 0, 0, 0, 0, 0, 0, 0, 0, 0]"
2322,"[0, 0, 0, 0, 0, 0, 1, 0, 0, 0, 0, 0]"
918,"[0, 0, 1, 0, 0, 0, 1, 0, 0, 1, 0, 0]"
919,"[0, 0, 1, 1, 0, 0, 0, 0, 0, 1, 1, 0]"
920,"[0, 0, 1, 0, 0, 0, 1, 0, 0, 0, 1, 0]"
921,"[0, 0, 0, 1, 0, 0, 1, 0, 0, 0, 1, 0]"
2323,"[0, 0, 0, 0, 0, 0, 1, 0, 0, 0, 0, 1]"
922,"[0, 0, 1, 0, 0, 0, 0, 0, 0, 1, 1, 0]"
923,"[0, 0, 1, 1, 0, 0, 1, 0, 0, 0, 0, 0]"
2324,"[0, 0, 1, 0, 0, 0, 1, 0, 0, 0, 0, 1]"
924,"[0, 0, 0, 1, 0, 0, 1, 0, 0, 0, 0, 0]"
2325,"[0, 0, 1, 0, 0, 0, 1, 0, 0, 0, 0, 1]"
925,"[1, 0, 1, 1, 0, 1, 0, 0, 0, 0, 0, 0]"
928,"[1, 0, 1, 1, 0, 1, 0, 0, 0, 0, 1, 0]"
2326,"[0, 0, 0, 0, 0, 0, 1, 0, 0, 0, 0, 1]"
931,"[0, 1, 0, 0, 0, 0, 1, 1, 0, 0, 0, 0]"
933,"[0, 1, 0, 0, 0, 0, 1, 0, 0, 0, 1, 0]"
934,"[1, 0, 0, 1, 0, 1, 1, 1, 0, 0, 1, 0]"
2327,"[0, 0, 0, 0, 0, 0, 1, 0, 0, 0, 0, 1]"
935,"[0, 0, 0, 1, 0, 0, 1, 0, 0, 0, 1, 0]"
936,"[0, 0, 0, 1, 0, 0, 1, 1, 0, 0, 0, 0]"
937,"[0, 0, 0, 0, 1, 0, 1, 0, 0, 0, 1, 0]"
2328,"[0, 0, 1, 0, 0, 0, 1, 0, 0, 1, 0, 1]"
2329,"[0, 1, 0, 0, 0, 0, 1, 0, 0, 0, 0, 1]"
938,"[1, 0, 0, 0, 1, 1, 0, 1, 0, 0, 1, 0]"
2330,"[0, 0, 1, 0, 0, 0, 1, 0, 0, 0, 0, 1]"
2331,"[0, 0, 0, 0, 0, 0, 1, 0, 0, 0, 0, 1]"
2332,"[0, 0, 0, 1, 0, 0, 1, 0, 0, 0, 0, 1]"
939,"[0, 0, 0, 1, 1, 0, 0, 0, 1, 0, 1, 0]"
2333,"[0, 0, 0, 0, 0, 0, 1, 1, 1, 0, 0, 1]"
943,"[0, 1, 1, 0, 1, 0, 1, 0, 1, 0, 1, 0]"
2334,"[0, 0, 1, 1, 0, 0, 1, 1, 1, 0, 0, 1]"
2335,"[0, 0, 0, 1, 1, 0, 1, 1, 1, 1, 0, 1]"
2336,"[0, 0, 1, 1, 1, 0, 1, 1, 1, 1, 0, 1]"
946,"[0, 0, 0, 0, 1, 0, 1, 1, 0, 0, 1, 0]"
947,"[0, 0, 0, 0, 1, 0, 0, 1, 1, 0, 1, 0]"
948,"[0, 0, 0, 0, 1, 0, 1, 1, 1, 0, 1, 0]"
2337,"[0, 0, 1, 1, 1, 0, 1, 1, 1, 1, 0, 0]"
950,"[0, 1, 0, 1, 0, 0, 1, 0, 0, 0, 0, 0]"
2340,"[0, 0, 1, 1, 1, 0, 1, 1, 1, 1, 0, 0]"
2341,"[0, 0, 1, 1, 1, 0, 1, 1, 1, 1, 0, 0]"
951,"[0, 0, 0, 1, 0, 0, 1, 0, 0, 0, 0, 0]"
2342,"[0, 0, 1, 0, 1, 0, 1, 1, 1, 1, 0, 0]"
2343,"[0, 0, 1, 1, 1, 0, 1, 1, 1, 1, 0, 0]"
2344,"[0, 1, 1, 1, 1, 0, 1, 0, 1, 1, 0, 0]"
953,"[0, 1, 0, 1, 0, 0, 0, 0, 0, 0, 0, 0]"
2345,"[0, 0, 1, 0, 1, 0, 1, 1, 1, 1, 0, 0]"
954,"[0, 0, 1, 1, 0, 0, 0, 0, 0, 0, 0, 0]"
955,"[0, 0, 0, 1, 0, 0, 0, 0, 0, 0, 0, 0]"
2346,"[0, 1, 1, 1, 1, 0, 1, 1, 1, 1, 0, 0]"
2347,"[0, 0, 0, 0, 1, 0, 1, 1, 0, 0, 0, 0]"
956,"[0, 0, 0, 1, 0, 0, 1, 0, 0, 0, 0, 0]"
957,"[0, 0, 0, 1, 0, 0, 1, 0, 0, 0, 0, 0]"
2348,"[0, 0, 1, 0, 1, 0, 1, 1, 0, 1, 0, 0]"
2349,"[0, 0, 1, 0, 1, 0, 1, 1, 0, 1, 0, 0]"
959,"[0, 0, 1, 1, 0, 0, 1, 0, 0, 1, 0, 0]"
960,"[0, 0, 1, 1, 0, 0, 1, 0, 0, 1, 0, 0]"
2352,"[0, 0, 0, 1, 0, 0, 1, 0, 0, 1, 0, 0]"
2353,"[0, 0, 0, 0, 0, 0, 1, 0, 0, 0, 0, 0]"
963,"[0, 0, 1, 1, 0, 0, 0, 1, 0, 1, 0, 0]"
966,"[0, 1, 1, 1, 0, 0, 0, 0, 0, 0, 0, 0]"
967,"[0, 1, 0, 0, 0, 0, 1, 0, 0, 0, 0, 0]"
2354,"[0, 0, 0, 0, 0, 0, 1, 0, 0, 0, 0, 0]"
968,"[0, 0, 0, 0, 0, 0, 1, 1, 0, 0, 1, 0]"
970,"[0, 0, 0, 0, 0, 0, 1, 0, 0, 0, 1, 0]"
971,"[0, 0, 0, 0, 0, 0, 0, 0, 0, 0, 1, 0]"
2356,"[0, 0, 0, 0, 0, 0, 1, 0, 0, 0, 0, 0]"
972,"[0, 0, 0, 0, 0, 0, 0, 0, 0, 0, 1, 0]"
973,"[0, 0, 0, 0, 0, 0, 0, 0, 0, 0, 0, 1]"
974,"[1, 0, 0, 0, 1, 1, 1, 0, 0, 0, 1, 1]"
975,"[0, 1, 0, 0, 1, 0, 1, 0, 0, 0, 1, 1]"
2359,"[0, 0, 0, 0, 0, 0, 1, 0, 0, 0, 0, 0]"
977,"[1, 0, 0, 1, 1, 1, 1, 1, 0, 0, 1, 0]"
980,"[0, 0, 0, 0, 1, 0, 0, 0, 0, 0, 1, 0]"
2360,"[0, 0, 0, 0, 1, 0, 1, 1, 1, 0, 0, 0]"
981,"[0, 0, 0, 0, 1, 0, 0, 1, 1, 0, 1, 0]"
982,"[1, 0, 0, 0, 1, 1, 1, 0, 1, 0, 1, 0]"
2361,"[0, 0, 1, 0, 1, 0, 1, 1, 1, 1, 0, 0]"
983,"[0, 0, 0, 1, 1, 0, 1, 1, 1, 0, 1, 0]"
984,"[0, 0, 0, 0, 1, 0, 0, 0, 1, 0, 1, 0]"
985,"[0, 0, 0, 0, 1, 0, 1, 1, 1, 0, 1, 0]"
2362,"[0, 0, 1, 1, 1, 0, 1, 1, 1, 0, 0, 0]"
987,"[0, 0, 0, 0, 1, 0, 1, 0, 1, 0, 1, 0]"
988,"[1, 0, 0, 0, 1, 1, 0, 1, 1, 0, 1, 0]"
2363,"[0, 1, 1, 1, 1, 0, 0, 0, 1, 1, 0, 0]"
2364,"[0, 0, 1, 0, 1, 0, 0, 0, 1, 1, 0, 0]"
989,"[0, 0, 0, 0, 1, 0, 0, 0, 0, 0, 1, 0]"
2365,"[0, 0, 1, 0, 1, 0, 0, 0, 1, 1, 0, 0]"
991,"[0, 0, 0, 0, 0, 0, 0, 0, 0, 1, 1, 0]"
992,"[0, 0, 0, 1, 0, 0, 0, 0, 1, 0, 1, 0]"
993,"[0, 0, 0, 0, 0, 0, 0, 1, 0, 0, 1, 0]"
994,"[0, 0, 0, 0, 0, 0, 1, 0, 0, 0, 1, 0]"
2367,"[0, 0, 1, 0, 1, 0, 1, 0, 1, 0, 0, 0]"
995,"[0, 0, 1, 1, 0, 0, 0, 0, 0, 0, 1, 0]"
2368,"[0, 0, 1, 1, 1, 0, 0, 0, 1, 0, 0, 0]"
996,"[0, 0, 1, 1, 0, 0, 0, 0, 0, 1, 0, 0]"
997,"[0, 0, 0, 1, 0, 0, 1, 0, 0, 0, 0, 0]"
2370,"[0, 0, 0, 0, 1, 0, 0, 0, 1, 0, 0, 0]"
2371,"[0, 0, 0, 0, 0, 0, 0, 0, 0, 0, 0, 0]"
1002,"[0, 1, 0, 1, 0, 0, 0, 0, 0, 0, 0, 0]"
1003,"[0, 1, 0, 1, 0, 0, 0, 1, 0, 0, 0, 0]"
1006,"[0, 1, 0, 1, 0, 0, 0, 0, 0, 0, 1, 0]"
2374,"[0, 0, 0, 0, 0, 0, 0, 0, 0, 0, 0, 0]"
1007,"[0, 1, 1, 1, 0, 0, 1, 0, 0, 0, 1, 0]"
1008,"[0, 1, 1, 1, 0, 0, 0, 1, 0, 1, 0, 0]"
1009,"[0, 0, 1, 1, 0, 0, 1, 0, 0, 1, 0, 0]"
1012,"[0, 0, 0, 1, 0, 0, 1, 0, 0, 0, 1, 0]"
2376,"[0, 0, 0, 1, 0, 0, 0, 0, 0, 0, 0, 0]"
1013,"[0, 0, 0, 0, 0, 0, 1, 1, 0, 0, 1, 0]"
1015,"[0, 0, 0, 0, 0, 0, 1, 1, 0, 0, 1, 0]"
1016,"[0, 0, 0, 0, 1, 0, 1, 0, 0, 0, 1, 0]"
2378,"[0, 0, 0, 0, 0, 0, 1, 0, 0, 0, 0, 0]"
1019,"[0, 0, 0, 0, 1, 0, 1, 0, 0, 1, 1, 0]"
2379,"[0, 0, 0, 0, 0, 0, 1, 0, 0, 0, 0, 0]"
1020,"[0, 0, 0, 1, 1, 0, 1, 0, 1, 1, 1, 0]"
1021,"[0, 0, 0, 1, 1, 0, 1, 0, 0, 0, 1, 0]"
2380,"[0, 0, 0, 0, 0, 0, 1, 0, 1, 0, 0, 0]"
1022,"[0, 0, 0, 1, 1, 0, 1, 0, 1, 0, 1, 0]"
2381,"[0, 0, 0, 0, 0, 0, 1, 0, 1, 0, 0, 0]"
1024,"[0, 0, 0, 1, 1, 0, 1, 0, 1, 0, 1, 0]"
1025,"[0, 0, 0, 1, 1, 0, 1, 0, 1, 0, 1, 0]"
1026,"[0, 0, 0, 1, 1, 0, 1, 0, 1, 0, 1, 0]"
2383,"[0, 0, 1, 0, 1, 0, 1, 1, 1, 1, 0, 0]"
1028,"[0, 0, 0, 1, 1, 0, 1, 0, 1, 0, 1, 0]"
2385,"[0, 0, 0, 0, 1, 0, 1, 1, 1, 0, 0, 0]"
1030,"[0, 0, 1, 1, 1, 0, 1, 0, 1, 0, 1, 0]"
1031,"[0, 0, 1, 0, 1, 0, 1, 0, 1, 0, 1, 0]"
2386,"[0, 0, 1, 1, 1, 0, 1, 1, 1, 0, 0, 0]"
1035,"[0, 0, 0, 0, 0, 0, 1, 0, 0, 0, 1, 0]"
2388,"[0, 0, 0, 0, 1, 0, 1, 1, 1, 0, 0, 0]"
1038,"[0, 0, 0, 0, 0, 0, 1, 0, 0, 0, 1, 0]"
1039,"[0, 0, 1, 0, 0, 0, 0, 0, 0, 0, 1, 0]"
1040,"[0, 0, 1, 1, 0, 0, 1, 0, 0, 0, 1, 0]"
2389,"[0, 0, 0, 0, 1, 0, 1, 1, 1, 0, 0, 0]"
2390,"[0, 0, 0, 0, 1, 0, 1, 1, 1, 0, 0, 0]"
1042,"[0, 0, 0, 0, 0, 0, 1, 0, 0, 0, 0, 0]"
1043,"[0, 0, 0, 0, 0, 0, 0, 0, 0, 0, 0, 0]"
2391,"[0, 0, 0, 1, 1, 0, 1, 1, 0, 0, 0, 0]"
1045,"[0, 0, 0, 0, 0, 0, 0, 0, 0, 0, 0, 0]"
1046,"[0, 0, 0, 0, 0, 0, 1, 0, 0, 0, 0, 0]"
2392,"[0, 0, 0, 1, 1, 0, 1, 0, 0, 0, 0, 0]"
1049,"[0, 0, 1, 0, 0, 0, 0, 0, 0, 1, 1, 0]"
2393,"[0, 0, 0, 0, 0, 0, 1, 0, 0, 0, 0, 0]"
1050,"[0, 0, 1, 0, 0, 0, 0, 0, 0, 1, 0, 0]"
1051,"[0, 0, 1, 0, 0, 0, 0, 1, 0, 1, 0, 0]"
1052,"[0, 0, 1, 1, 0, 0, 0, 1, 0, 1, 0, 0]"
2395,"[0, 0, 0, 0, 0, 0, 1, 0, 0, 0, 0, 0]"
2396,"[0, 0, 0, 0, 0, 0, 1, 0, 0, 0, 0, 0]"
1054,"[0, 0, 1, 0, 0, 0, 1, 0, 0, 1, 1, 0]"
2397,"[0, 0, 0, 0, 0, 0, 1, 0, 0, 0, 0, 0]"
1056,"[0, 1, 0, 0, 0, 0, 1, 0, 0, 0, 0, 0]"
1058,"[0, 1, 0, 0, 0, 0, 1, 1, 0, 0, 1, 0]"
1059,"[0, 1, 0, 0, 0, 0, 1, 0, 0, 0, 1, 0]"
1060,"[0, 0, 0, 1, 1, 0, 1, 0, 0, 0, 1, 0]"
1062,"[0, 0, 0, 0, 1, 0, 1, 0, 0, 0, 1, 0]"
1063,"[0, 0, 0, 0, 1, 0, 1, 0, 0, 0, 1, 0]"
2401,"[0, 0, 1, 0, 0, 0, 1, 0, 0, 0, 0, 0]"
1065,"[0, 0, 0, 1, 1, 0, 1, 0, 0, 0, 1, 0]"
1066,"[0, 0, 0, 1, 1, 0, 1, 0, 1, 0, 1, 0]"
1067,"[0, 0, 0, 1, 1, 0, 1, 0, 1, 0, 1, 0]"
1068,"[0, 0, 0, 1, 1, 0, 1, 0, 1, 0, 1, 0]"
2403,"[0, 1, 0, 0, 1, 0, 1, 1, 1, 0, 0, 0]"
1069,"[0, 0, 0, 1, 1, 0, 1, 0, 1, 0, 1, 0]"
2404,"[0, 0, 1, 1, 1, 0, 1, 1, 1, 0, 0, 0]"
1070,"[0, 0, 0, 1, 1, 0, 1, 0, 1, 0, 1, 0]"
1072,"[0, 0, 1, 0, 1, 0, 1, 1, 1, 0, 1, 0]"
2405,"[0, 0, 0, 1, 1, 0, 1, 1, 1, 0, 0, 0]"
2407,"[0, 0, 0, 1, 1, 0, 1, 1, 1, 1, 0, 0]"
1074,"[0, 0, 0, 0, 1, 0, 1, 0, 1, 0, 1, 0]"
2408,"[0, 0, 0, 1, 1, 0, 1, 1, 1, 0, 0, 0]"
2409,"[0, 0, 1, 0, 1, 0, 1, 1, 1, 0, 0, 0]"
1076,"[0, 0, 0, 1, 1, 0, 1, 1, 1, 0, 1, 0]"
1077,"[0, 0, 0, 1, 1, 0, 1, 1, 1, 0, 1, 0]"
2410,"[0, 0, 0, 1, 1, 0, 1, 1, 1, 0, 0, 1]"
1079,"[0, 0, 0, 0, 0, 0, 1, 0, 0, 0, 1, 0]"
2411,"[0, 0, 0, 1, 1, 0, 0, 1, 1, 0, 0, 1]"
1081,"[0, 0, 0, 0, 0, 0, 0, 1, 0, 0, 1, 0]"
1082,"[0, 0, 0, 0, 0, 0, 0, 0, 0, 0, 1, 0]"
1083,"[0, 0, 0, 0, 0, 0, 0, 1, 0, 0, 1, 0]"
2412,"[0, 0, 1, 0, 1, 0, 0, 1, 1, 1, 0, 0]"
1085,"[0, 0, 0, 0, 0, 0, 0, 0, 0, 0, 1, 0]"
2413,"[0, 0, 0, 1, 1, 0, 0, 1, 1, 0, 0, 0]"
1086,"[0, 0, 0, 0, 0, 0, 1, 1, 0, 0, 0, 0]"
1087,"[0, 0, 0, 0, 0, 0, 1, 0, 0, 0, 0, 0]"
2414,"[0, 0, 0, 1, 1, 0, 0, 0, 0, 0, 0, 0]"
2415,"[0, 1, 0, 0, 0, 0, 0, 0, 0, 0, 0, 0]"
2416,"[0, 0, 0, 1, 0, 0, 0, 0, 0, 0, 0, 0]"
1092,"[0, 1, 1, 0, 0, 0, 0, 1, 0, 0, 0, 0]"
2417,"[0, 0, 0, 0, 0, 0, 0, 0, 0, 0, 0, 1]"
2418,"[0, 0, 0, 0, 0, 0, 0, 0, 0, 0, 0, 0]"
1095,"[0, 0, 1, 0, 0, 0, 0, 0, 0, 0, 1, 0]"
2419,"[0, 0, 0, 1, 0, 0, 0, 0, 0, 0, 0, 0]"
2420,"[0, 0, 1, 0, 0, 0, 0, 0, 0, 0, 0, 0]"
1098,"[0, 1, 0, 0, 0, 0, 1, 1, 0, 0, 1, 0]"
1100,"[0, 0, 0, 0, 1, 0, 1, 0, 0, 0, 1, 0]"
1101,"[0, 0, 0, 0, 1, 0, 0, 1, 1, 0, 1, 0]"
2422,"[0, 0, 0, 0, 0, 0, 0, 0, 0, 0, 0, 0]"
1104,"[0, 0, 0, 1, 1, 0, 0, 0, 0, 0, 1, 0]"
2424,"[0, 0, 0, 0, 0, 0, 0, 0, 0, 0, 0, 0]"
2425,"[0, 0, 0, 0, 0, 0, 0, 0, 0, 0, 0, 0]"
1107,"[0, 0, 0, 0, 1, 0, 1, 1, 1, 0, 1, 0]"
2426,"[0, 0, 0, 1, 0, 0, 0, 0, 0, 0, 0, 0]"
1108,"[0, 0, 0, 1, 1, 0, 1, 1, 1, 0, 1, 0]"
1109,"[0, 0, 0, 0, 1, 0, 1, 1, 1, 0, 1, 0]"
1110,"[0, 0, 1, 0, 1, 0, 0, 0, 1, 1, 1, 0]"
1111,"[0, 0, 1, 0, 1, 0, 0, 1, 1, 1, 1, 0]"
2430,"[0, 0, 1, 0, 1, 0, 0, 1, 1, 1, 0, 0]"
2431,"[0, 1, 1, 0, 1, 0, 0, 1, 1, 0, 0, 0]"
1112,"[1, 0, 1, 1, 1, 1, 0, 0, 1, 0, 1, 0]"
2432,"[0, 0, 1, 1, 1, 0, 0, 1, 1, 1, 0, 0]"
1113,"[0, 0, 0, 0, 1, 0, 1, 0, 1, 0, 1, 0]"
2433,"[0, 0, 1, 0, 1, 0, 0, 1, 1, 1, 0, 0]"
1115,"[0, 0, 0, 1, 1, 0, 1, 0, 1, 0, 1, 0]"
2435,"[0, 0, 1, 1, 1, 0, 0, 1, 1, 1, 0, 0]"
1117,"[0, 0, 0, 0, 1, 0, 1, 0, 1, 0, 1, 0]"
2436,"[0, 0, 1, 1, 1, 0, 0, 1, 1, 1, 0, 0]"
2437,"[0, 0, 0, 1, 1, 0, 0, 1, 1, 1, 0, 0]"
1118,"[1, 0, 0, 0, 1, 1, 1, 0, 1, 0, 1, 0]"
1119,"[0, 0, 0, 1, 1, 0, 1, 0, 1, 0, 1, 0]"
1120,"[0, 0, 0, 1, 1, 0, 0, 0, 1, 0, 1, 0]"
1121,"[0, 0, 0, 0, 0, 0, 1, 0, 0, 0, 1, 0]"
1122,"[0, 0, 0, 0, 0, 0, 1, 0, 0, 0, 1, 0]"
2439,"[0, 0, 1, 0, 0, 0, 1, 0, 0, 1, 0, 0]"
2440,"[0, 0, 0, 1, 0, 0, 1, 0, 0, 0, 0, 0]"
1126,"[0, 0, 0, 0, 0, 0, 0, 0, 0, 0, 1, 0]"
1127,"[0, 0, 0, 0, 0, 0, 1, 0, 0, 0, 1, 0]"
2441,"[0, 0, 1, 1, 0, 0, 1, 0, 0, 0, 0, 0]"
1129,"[0, 0, 0, 0, 0, 0, 0, 0, 0, 0, 1, 0]"
2442,"[0, 0, 0, 1, 0, 0, 1, 0, 0, 0, 0, 0]"
1130,"[0, 0, 0, 1, 0, 0, 1, 0, 0, 0, 0, 0]"
2443,"[0, 0, 0, 1, 0, 0, 1, 0, 0, 0, 0, 0]"
1131,"[0, 0, 0, 1, 0, 0, 0, 0, 0, 0, 0, 0]"
1132,"[0, 0, 0, 1, 0, 0, 0, 0, 0, 0, 0, 0]"
1134,"[0, 0, 0, 1, 0, 0, 1, 0, 0, 0, 0, 0]"
2445,"[0, 0, 0, 0, 0, 0, 0, 0, 0, 0, 0, 0]"
1136,"[0, 1, 0, 1, 0, 0, 0, 0, 0, 0, 0, 0]"
1137,"[0, 0, 1, 0, 0, 0, 1, 0, 0, 1, 1, 0]"
1138,"[0, 0, 1, 0, 0, 0, 0, 0, 0, 1, 0, 0]"
1139,"[0, 0, 1, 0, 0, 0, 0, 0, 0, 0, 0, 0]"
2447,"[0, 0, 0, 1, 0, 0, 0, 0, 0, 0, 0, 0]"
1140,"[0, 0, 0, 0, 0, 0, 1, 0, 0, 0, 1, 0]"
2448,"[0, 0, 1, 1, 0, 0, 0, 0, 0, 0, 0, 0]"
1141,"[0, 0, 0, 0, 0, 0, 1, 0, 0, 0, 1, 0]"
1142,"[0, 0, 0, 1, 0, 0, 0, 0, 0, 0, 1, 0]"
1143,"[1, 0, 0, 0, 1, 1, 1, 0, 0, 0, 1, 0]"
1144,"[0, 0, 0, 1, 1, 0, 1, 0, 0, 0, 1, 0]"
2449,"[0, 0, 1, 1, 0, 0, 0, 0, 0, 0, 0, 0]"
2450,"[0, 0, 0, 0, 0, 0, 0, 0, 0, 0, 0, 0]"
1145,"[0, 0, 0, 0, 1, 0, 1, 0, 0, 0, 1, 0]"
2451,"[0, 0, 0, 0, 0, 0, 0, 0, 0, 0, 0, 0]"
1147,"[0, 0, 0, 0, 1, 0, 1, 1, 0, 0, 1, 0]"
1148,"[0, 0, 1, 0, 1, 0, 1, 0, 1, 1, 1, 1]"
1150,"[0, 0, 1, 1, 1, 0, 1, 0, 1, 1, 1, 1]"
1152,"[0, 0, 1, 0, 1, 0, 1, 0, 1, 1, 1, 1]"
1153,"[0, 0, 1, 0, 1, 0, 1, 0, 1, 1, 1, 1]"
1154,"[1, 0, 1, 0, 1, 1, 0, 0, 1, 1, 1, 1]"
1155,"[0, 0, 0, 1, 1, 0, 1, 1, 1, 0, 1, 1]"
2453,"[0, 0, 1, 0, 1, 0, 0, 1, 1, 1, 0, 0]"
1156,"[0, 1, 0, 0, 1, 0, 0, 1, 1, 1, 1, 1]"
1157,"[0, 1, 1, 1, 0, 0, 1, 0, 1, 1, 1, 1]"
2454,"[0, 0, 0, 0, 1, 0, 0, 1, 1, 0, 0, 1]"
2455,"[0, 1, 0, 0, 1, 0, 0, 1, 1, 0, 0, 0]"
1158,"[0, 0, 0, 0, 0, 0, 0, 0, 0, 0, 1, 0]"
1159,"[0, 0, 0, 0, 0, 0, 0, 0, 0, 1, 1, 0]"
2456,"[0, 0, 1, 1, 1, 0, 0, 1, 1, 0, 0, 0]"
1160,"[0, 0, 0, 0, 0, 0, 0, 0, 0, 0, 1, 1]"
2457,"[0, 0, 1, 0, 1, 0, 0, 1, 1, 0, 0, 0]"
1161,"[0, 0, 0, 1, 0, 0, 1, 0, 0, 0, 1, 1]"
1162,"[0, 1, 1, 1, 0, 0, 1, 0, 0, 0, 1, 1]"
1163,"[0, 1, 0, 1, 0, 0, 1, 0, 0, 0, 1, 1]"
2458,"[0, 0, 0, 0, 1, 0, 0, 1, 1, 0, 0, 0]"
2460,"[0, 0, 0, 0, 1, 0, 0, 1, 1, 0, 0, 0]"
1164,"[0, 1, 0, 1, 0, 0, 0, 0, 0, 0, 0, 1]"
1165,"[0, 0, 0, 1, 0, 0, 0, 0, 0, 0, 0, 1]"
1166,"[0, 1, 0, 1, 0, 0, 1, 0, 0, 0, 0, 1]"
1167,"[0, 1, 0, 1, 0, 0, 0, 0, 0, 0, 0, 1]"
1168,"[0, 1, 0, 1, 0, 0, 0, 0, 0, 0, 0, 1]"
1169,"[0, 1, 0, 1, 0, 0, 0, 0, 0, 0, 0, 1]"
1170,"[0, 1, 0, 1, 0, 0, 0, 0, 0, 0, 0, 1]"
2461,"[0, 0, 0, 1, 0, 0, 0, 0, 0, 0, 0, 0]"
1171,"[0, 1, 0, 1, 0, 0, 1, 0, 0, 0, 0, 1]"
1172,"[0, 1, 0, 1, 0, 0, 0, 0, 0, 0, 0, 1]"
2462,"[0, 0, 0, 0, 0, 0, 0, 0, 0, 0, 0, 0]"
1174,"[0, 1, 0, 1, 0, 0, 0, 0, 0, 0, 0, 1]"
1175,"[0, 1, 0, 1, 0, 0, 0, 0, 0, 0, 0, 1]"
2464,"[0, 0, 1, 0, 0, 0, 0, 0, 0, 0, 0, 0]"
1176,"[0, 1, 0, 1, 0, 0, 0, 0, 0, 0, 0, 1]"
2465,"[0, 0, 1, 0, 0, 0, 0, 0, 0, 1, 0, 0]"
1179,"[1, 0, 0, 1, 0, 1, 1, 0, 0, 0, 0, 1]"
2467,"[0, 0, 1, 0, 0, 0, 0, 0, 0, 1, 0, 1]"
1180,"[0, 0, 0, 1, 0, 0, 0, 0, 0, 0, 0, 1]"
2468,"[0, 0, 1, 1, 0, 0, 0, 0, 0, 1, 0, 0]"
1181,"[0, 0, 0, 1, 0, 0, 0, 0, 0, 0, 0, 1]"
2469,"[0, 1, 0, 1, 0, 0, 0, 0, 0, 0, 0, 0]"
1182,"[0, 0, 0, 1, 0, 0, 0, 0, 0, 0, 0, 1]"
1183,"[0, 0, 0, 1, 0, 0, 1, 0, 0, 0, 0, 1]"
2470,"[0, 1, 0, 1, 0, 0, 0, 0, 0, 0, 0, 0]"
2471,"[0, 0, 1, 1, 0, 0, 0, 0, 0, 0, 0, 1]"
1184,"[0, 0, 0, 0, 0, 0, 1, 0, 0, 0, 1, 1]"
1185,"[0, 0, 0, 1, 0, 0, 1, 0, 0, 0, 1, 1]"
2472,"[0, 0, 0, 0, 0, 0, 0, 0, 0, 0, 0, 0]"
2473,"[0, 0, 1, 1, 0, 0, 0, 0, 0, 0, 0, 1]"
1187,"[0, 0, 0, 0, 0, 0, 1, 0, 0, 1, 0, 1]"
1188,"[0, 0, 0, 0, 0, 0, 1, 0, 0, 0, 1, 1]"
1189,"[0, 0, 0, 0, 0, 0, 0, 0, 0, 0, 1, 1]"
1190,"[0, 0, 0, 0, 0, 0, 0, 0, 0, 0, 1, 1]"
1191,"[0, 0, 0, 0, 0, 0, 1, 0, 0, 0, 1, 1]"
2476,"[0, 0, 0, 0, 0, 0, 1, 0, 0, 0, 0, 1]"
2477,"[0, 0, 0, 0, 0, 0, 1, 0, 1, 0, 0, 1]"
1193,"[0, 0, 1, 1, 1, 0, 0, 1, 0, 1, 1, 1]"
1194,"[0, 0, 1, 0, 1, 0, 1, 1, 0, 1, 1, 1]"
2479,"[0, 0, 0, 1, 0, 0, 0, 0, 1, 0, 0, 1]"
2480,"[0, 0, 0, 0, 1, 0, 0, 1, 1, 1, 0, 1]"
1197,"[0, 1, 1, 0, 0, 0, 1, 0, 0, 1, 1, 1]"
2481,"[0, 0, 1, 0, 1, 0, 0, 1, 1, 1, 0, 1]"
2482,"[0, 0, 1, 0, 1, 0, 1, 1, 1, 1, 0, 1]"
1198,"[0, 1, 1, 0, 0, 0, 1, 0, 0, 1, 1, 1]"
1199,"[0, 0, 1, 0, 0, 0, 0, 1, 0, 1, 1, 1]"
2483,"[0, 0, 1, 0, 1, 0, 0, 1, 1, 1, 0, 1]"
1201,"[0, 1, 1, 1, 0, 0, 1, 1, 0, 1, 0, 1]"
1202,"[0, 1, 1, 0, 0, 0, 1, 1, 0, 1, 0, 1]"
1203,"[0, 0, 1, 0, 0, 0, 1, 1, 0, 1, 0, 1]"
2484,"[0, 0, 0, 1, 1, 0, 0, 1, 1, 1, 0, 1]"
2485,"[0, 0, 1, 1, 1, 0, 0, 1, 1, 1, 0, 0]"
1205,"[1, 0, 1, 1, 0, 1, 1, 0, 0, 1, 0, 1]"
2487,"[0, 0, 1, 1, 1, 0, 0, 1, 1, 1, 0, 0]"
2488,"[0, 0, 1, 0, 1, 0, 0, 1, 1, 1, 0, 0]"
2489,"[0, 0, 1, 0, 1, 0, 1, 1, 1, 1, 0, 0]"
1209,"[0, 0, 0, 0, 0, 0, 1, 0, 0, 0, 1, 1]"
2490,"[0, 0, 1, 1, 1, 0, 1, 1, 1, 0, 0, 0]"
2492,"[0, 0, 0, 0, 1, 0, 1, 1, 1, 1, 0, 0]"
1212,"[0, 0, 1, 0, 0, 0, 0, 0, 0, 1, 0, 1]"
2493,"[0, 0, 0, 0, 1, 0, 1, 1, 1, 0, 0, 1]"
1213,"[0, 0, 1, 0, 0, 0, 0, 0, 0, 1, 0, 1]"
1214,"[0, 0, 1, 0, 0, 0, 0, 0, 0, 1, 0, 1]"
2494,"[0, 0, 0, 1, 1, 0, 1, 0, 0, 0, 0, 1]"
1215,"[0, 1, 1, 0, 0, 0, 0, 0, 0, 1, 0, 1]"
1217,"[0, 1, 1, 1, 0, 0, 1, 0, 0, 1, 1, 0]"
1218,"[0, 0, 1, 1, 0, 0, 0, 0, 0, 1, 1, 0]"
1219,"[0, 1, 1, 1, 0, 0, 0, 1, 0, 1, 1, 0]"
2495,"[0, 0, 0, 0, 0, 0, 1, 0, 0, 0, 0, 1]"
2496,"[0, 0, 0, 0, 0, 0, 1, 0, 0, 0, 0, 1]"
1223,"[0, 1, 1, 1, 0, 0, 0, 0, 0, 1, 1, 0]"
2498,"[0, 0, 0, 0, 0, 0, 1, 0, 0, 0, 0, 1]"
1224,"[0, 0, 1, 0, 0, 0, 1, 0, 0, 1, 0, 0]"
1227,"[1, 0, 1, 0, 0, 1, 0, 1, 0, 1, 0, 0]"
2501,"[0, 0, 0, 1, 0, 0, 1, 0, 0, 0, 0, 1]"
1230,"[0, 0, 1, 0, 0, 0, 0, 0, 0, 1, 1, 0]"
1231,"[0, 0, 1, 0, 0, 0, 0, 0, 0, 1, 1, 0]"
1232,"[1, 0, 1, 0, 0, 1, 1, 0, 0, 1, 0, 0]"
2504,"[0, 0, 0, 1, 0, 0, 1, 0, 0, 0, 0, 1]"
1233,"[1, 0, 1, 0, 0, 1, 1, 0, 0, 1, 0, 0]"
1235,"[1, 0, 1, 0, 0, 1, 0, 0, 0, 1, 0, 0]"
2505,"[0, 0, 0, 1, 0, 0, 1, 1, 1, 1, 0, 1]"
2506,"[0, 0, 0, 1, 0, 0, 1, 1, 1, 1, 0, 1]"
2507,"[0, 0, 1, 0, 1, 0, 1, 1, 1, 1, 0, 1]"
1237,"[0, 0, 1, 1, 0, 0, 0, 0, 0, 1, 0, 0]"
2508,"[0, 0, 0, 0, 1, 0, 1, 1, 1, 1, 0, 1]"
1238,"[0, 0, 1, 0, 0, 0, 0, 1, 0, 1, 0, 0]"
1240,"[1, 0, 1, 1, 0, 1, 1, 0, 0, 1, 0, 0]"
1242,"[0, 0, 1, 1, 0, 0, 0, 0, 0, 1, 0, 0]"
1243,"[0, 0, 1, 1, 0, 0, 0, 0, 0, 1, 0, 0]"
1244,"[1, 0, 1, 0, 0, 1, 0, 0, 0, 1, 0, 0]"
2510,"[0, 0, 1, 0, 1, 0, 1, 1, 1, 1, 0, 1]"
1245,"[1, 0, 1, 1, 0, 1, 0, 0, 0, 1, 0, 0]"
1246,"[0, 0, 0, 1, 0, 0, 1, 0, 0, 1, 0, 0]"
2511,"[0, 0, 1, 0, 1, 0, 1, 1, 1, 0, 0, 1]"
1247,"[0, 0, 0, 1, 0, 0, 1, 0, 0, 0, 0, 0]"
2512,"[0, 0, 0, 0, 1, 0, 1, 1, 1, 1, 0, 1]"
1248,"[0, 0, 0, 0, 0, 0, 0, 0, 0, 0, 1, 0]"
1249,"[0, 0, 0, 1, 0, 0, 1, 0, 0, 0, 1, 0]"
1250,"[0, 0, 0, 0, 0, 0, 1, 0, 0, 0, 0, 0]"
1252,"[0, 0, 0, 0, 0, 0, 0, 0, 0, 0, 0, 0]"
1253,"[0, 0, 0, 0, 0, 0, 1, 0, 0, 0, 0, 0]"
1254,"[0, 0, 0, 0, 0, 0, 1, 0, 0, 0, 0, 0]"
1255,"[0, 0, 0, 0, 0, 0, 0, 0, 0, 0, 0, 0]"
1256,"[0, 1, 0, 0, 0, 0, 1, 0, 0, 0, 0, 0]"
1257,"[0, 0, 0, 0, 0, 0, 0, 0, 0, 0, 0, 0]"
2516,"[0, 0, 0, 1, 1, 0, 1, 1, 0, 0, 0, 1]"
1258,"[0, 0, 1, 0, 0, 0, 0, 0, 0, 0, 0, 0]"
2517,"[0, 0, 0, 1, 0, 0, 1, 0, 0, 0, 0, 1]"
1260,"[0, 0, 0, 0, 0, 0, 0, 0, 0, 0, 0, 0]"
2518,"[0, 0, 1, 1, 0, 0, 1, 0, 0, 1, 0, 1]"
1261,"[0, 0, 0, 0, 0, 0, 1, 0, 0, 0, 0, 0]"
1262,"[0, 0, 0, 0, 0, 0, 0, 0, 0, 0, 0, 0]"
1263,"[0, 0, 0, 0, 0, 0, 0, 0, 0, 0, 0, 0]"
1264,"[0, 0, 0, 0, 0, 0, 1, 0, 0, 0, 0, 0]"
1266,"[0, 0, 0, 1, 0, 0, 1, 0, 0, 0, 0, 0]"
1267,"[0, 0, 0, 1, 0, 0, 0, 0, 0, 0, 0, 0]"
2520,"[0, 0, 1, 0, 0, 0, 1, 0, 0, 1, 0, 1]"
1268,"[0, 0, 0, 0, 0, 0, 1, 0, 0, 0, 0, 0]"
2522,"[0, 0, 1, 1, 0, 0, 1, 0, 0, 1, 0, 1]"
1270,"[1, 0, 0, 1, 0, 1, 1, 1, 0, 0, 1, 0]"
1272,"[0, 0, 0, 0, 0, 0, 1, 0, 0, 0, 0, 0]"
1273,"[0, 0, 0, 0, 0, 0, 1, 0, 0, 0, 0, 0]"
2524,"[0, 0, 0, 0, 0, 0, 1, 0, 0, 0, 0, 1]"
2525,"[0, 0, 0, 0, 0, 0, 1, 0, 0, 0, 0, 1]"
1275,"[0, 0, 0, 0, 1, 0, 0, 1, 0, 0, 0, 0]"
1276,"[0, 0, 0, 1, 1, 0, 0, 0, 0, 1, 0, 0]"
1277,"[1, 0, 1, 1, 1, 1, 1, 1, 0, 1, 0, 0]"
1279,"[0, 0, 0, 0, 1, 0, 1, 1, 0, 0, 0, 0]"
1280,"[0, 0, 0, 0, 1, 0, 1, 0, 0, 0, 0, 0]"
2528,"[0, 0, 0, 1, 1, 0, 0, 1, 1, 1, 0, 0]"
2529,"[0, 0, 0, 1, 1, 0, 1, 1, 1, 1, 0, 0]"
2530,"[0, 0, 1, 0, 1, 0, 0, 1, 1, 1, 0, 0]"
1282,"[0, 0, 1, 0, 1, 0, 1, 0, 1, 1, 0, 0]"
1284,"[0, 0, 0, 0, 1, 0, 1, 0, 0, 0, 1, 0]"
1285,"[1, 0, 0, 0, 1, 1, 1, 0, 0, 1, 1, 0]"
2531,"[0, 0, 1, 0, 1, 0, 0, 1, 1, 1, 0, 0]"
1286,"[0, 0, 1, 1, 1, 0, 1, 0, 1, 1, 0, 0]"
1287,"[0, 0, 0, 0, 0, 0, 1, 0, 0, 0, 1, 0]"
1289,"[0, 0, 0, 1, 0, 0, 1, 0, 0, 0, 0, 0]"
1290,"[0, 0, 0, 0, 0, 0, 0, 0, 0, 0, 0, 0]"
2532,"[0, 0, 1, 1, 1, 0, 0, 1, 1, 0, 0, 0]"
1291,"[0, 0, 0, 0, 0, 0, 0, 0, 0, 0, 0, 0]"
2534,"[0, 0, 1, 1, 1, 0, 0, 1, 1, 1, 0, 1]"
2535,"[0, 0, 1, 1, 1, 0, 0, 1, 1, 1, 0, 1]"
1294,"[0, 0, 1, 1, 0, 0, 0, 0, 0, 0, 0, 0]"
2536,"[0, 0, 0, 1, 1, 0, 0, 1, 1, 0, 0, 1]"
1296,"[0, 0, 0, 0, 0, 0, 0, 0, 0, 0, 0, 0]"
1297,"[0, 0, 0, 0, 0, 0, 0, 0, 0, 0, 0, 0]"
2537,"[0, 0, 0, 1, 1, 0, 0, 1, 1, 0, 0, 1]"
2539,"[0, 0, 0, 1, 1, 0, 0, 1, 0, 0, 0, 1]"
1300,"[0, 0, 1, 0, 0, 0, 0, 1, 0, 1, 1, 0]"
1301,"[0, 0, 0, 1, 0, 0, 0, 0, 0, 1, 1, 0]"
1303,"[0, 0, 0, 0, 0, 0, 1, 0, 0, 0, 1, 0]"
1304,"[0, 0, 0, 0, 0, 0, 0, 0, 0, 0, 1, 0]"
1305,"[0, 0, 1, 0, 0, 0, 1, 0, 0, 0, 1, 0]"
1306,"[0, 0, 0, 0, 0, 0, 0, 0, 0, 0, 1, 0]"
1308,"[0, 0, 0, 0, 0, 0, 0, 0, 0, 0, 1, 0]"
2543,"[0, 0, 1, 0, 0, 0, 1, 0, 0, 1, 0, 1]"
2544,"[0, 0, 1, 0, 0, 0, 1, 0, 0, 1, 0, 1]"
1310,"[0, 0, 0, 0, 0, 0, 0, 0, 0, 0, 0, 0]"
1311,"[0, 0, 0, 0, 0, 0, 0, 0, 0, 0, 0, 0]"
2545,"[0, 0, 0, 0, 0, 0, 1, 0, 0, 1, 0, 1]"
1312,"[0, 0, 0, 0, 0, 0, 1, 0, 0, 1, 0, 0]"
2547,"[0, 0, 0, 1, 0, 0, 1, 0, 0, 0, 0, 1]"
1313,"[0, 0, 0, 0, 0, 0, 0, 0, 0, 0, 0, 0]"
1314,"[0, 0, 0, 0, 0, 0, 0, 1, 0, 0, 0, 0]"
1315,"[1, 0, 0, 0, 0, 1, 1, 1, 0, 0, 0, 0]"
1316,"[0, 0, 0, 0, 0, 0, 0, 0, 0, 0, 0, 0]"
2549,"[0, 1, 1, 1, 0, 0, 0, 0, 0, 1, 0, 1]"
1318,"[0, 0, 0, 0, 0, 0, 0, 1, 0, 1, 0, 0]"
1319,"[0, 1, 0, 0, 0, 0, 0, 1, 0, 0, 0, 0]"
1320,"[0, 1, 0, 0, 0, 0, 0, 1, 0, 0, 0, 0]"
1323,"[0, 1, 0, 0, 0, 0, 1, 1, 0, 0, 0, 0]"
1324,"[0, 1, 0, 1, 0, 0, 1, 1, 0, 1, 0, 0]"
2551,"[0, 0, 1, 1, 0, 0, 0, 0, 0, 1, 0, 1]"
2552,"[0, 0, 0, 1, 0, 0, 0, 0, 0, 1, 0, 0]"
1327,"[0, 1, 0, 0, 0, 0, 0, 0, 0, 0, 0, 0]"
1328,"[0, 1, 0, 1, 0, 0, 0, 1, 0, 0, 0, 0]"
2553,"[0, 0, 1, 1, 0, 0, 0, 0, 0, 1, 0, 0]"
1329,"[0, 1, 0, 1, 0, 0, 0, 1, 0, 0, 0, 0]"
1330,"[0, 1, 0, 0, 0, 0, 0, 0, 0, 1, 0, 0]"
2554,"[0, 0, 1, 1, 0, 0, 0, 0, 0, 1, 0, 0]"
1331,"[0, 1, 0, 0, 0, 0, 0, 1, 0, 1, 0, 0]"
2555,"[0, 0, 0, 1, 0, 0, 0, 0, 0, 1, 0, 0]"
1332,"[0, 1, 0, 0, 0, 0, 0, 0, 0, 0, 0, 0]"
1333,"[0, 1, 0, 0, 0, 0, 0, 0, 0, 0, 0, 0]"
1335,"[0, 0, 0, 0, 0, 0, 0, 0, 0, 0, 0, 1]"
2556,"[0, 0, 1, 1, 0, 0, 1, 0, 0, 1, 0, 0]"
1339,"[0, 1, 0, 0, 0, 0, 0, 1, 0, 0, 0, 1]"
1341,"[0, 1, 0, 0, 0, 0, 0, 1, 0, 0, 0, 1]"
1342,"[0, 1, 0, 0, 0, 0, 0, 1, 0, 0, 0, 1]"
2558,"[0, 0, 1, 1, 0, 0, 1, 0, 0, 1, 0, 0]"
1343,"[0, 0, 0, 0, 0, 0, 0, 1, 0, 0, 0, 1]"
1345,"[0, 1, 0, 0, 0, 0, 0, 1, 0, 0, 0, 1]"
2559,"[0, 0, 1, 1, 0, 0, 0, 0, 0, 1, 0, 1]"
1346,"[0, 1, 0, 0, 0, 0, 0, 1, 0, 0, 0, 1]"
1347,"[0, 1, 0, 0, 0, 0, 0, 1, 0, 0, 0, 1]"
1348,"[0, 1, 0, 0, 0, 0, 0, 1, 0, 0, 0, 1]"
1351,"[0, 1, 0, 0, 0, 0, 0, 1, 0, 0, 0, 1]"
1353,"[0, 1, 0, 1, 0, 0, 0, 1, 0, 0, 0, 1]"
1354,"[0, 1, 0, 1, 0, 0, 0, 1, 0, 0, 0, 1]"
1355,"[0, 0, 0, 0, 0, 0, 0, 1, 0, 0, 0, 1]"
2564,"[0, 1, 1, 1, 0, 0, 0, 0, 0, 1, 0, 1]"
1357,"[0, 1, 0, 0, 0, 0, 1, 0, 0, 0, 0, 1]"
1358,"[0, 1, 0, 0, 0, 0, 0, 1, 0, 0, 0, 1]"
2565,"[0, 1, 1, 1, 0, 0, 1, 0, 0, 1, 0, 1]"
1360,"[0, 0, 0, 0, 0, 0, 0, 0, 0, 0, 1, 1]"
1362,"[0, 1, 0, 0, 0, 0, 0, 0, 0, 0, 1, 1]"
1363,"[0, 0, 0, 1, 0, 0, 0, 0, 0, 0, 1, 1]"
2567,"[0, 0, 1, 1, 0, 0, 0, 0, 0, 1, 0, 1]"
2568,"[0, 0, 0, 1, 0, 0, 0, 0, 0, 1, 0, 1]"
2569,"[0, 0, 1, 1, 0, 0, 0, 0, 0, 0, 0, 1]"
1365,"[0, 0, 0, 0, 1, 0, 1, 0, 0, 0, 1, 1]"
2570,"[0, 0, 1, 0, 0, 0, 0, 0, 0, 1, 0, 1]"
1367,"[0, 0, 0, 0, 1, 0, 1, 0, 0, 0, 1, 1]"
2571,"[0, 0, 1, 0, 0, 0, 1, 0, 0, 1, 0, 1]"
1369,"[0, 0, 0, 1, 1, 0, 1, 0, 0, 0, 1, 1]"
1371,"[0, 0, 0, 0, 1, 0, 1, 1, 1, 0, 1, 1]"
1372,"[0, 0, 0, 0, 1, 0, 1, 1, 0, 0, 1, 1]"
1373,"[0, 0, 0, 0, 1, 0, 1, 0, 1, 0, 1, 1]"
2572,"[0, 1, 1, 1, 0, 0, 0, 1, 1, 1, 0, 1]"
1377,"[0, 0, 0, 1, 1, 0, 1, 0, 1, 0, 1, 1]"
2573,"[0, 1, 1, 1, 0, 0, 0, 1, 1, 1, 0, 1]"
1379,"[0, 0, 0, 0, 1, 0, 0, 0, 1, 0, 1, 1]"
2575,"[0, 0, 1, 0, 0, 0, 0, 1, 0, 1, 0, 1]"
1381,"[0, 1, 0, 0, 1, 0, 0, 0, 0, 0, 1, 1]"
1382,"[1, 0, 0, 0, 0, 1, 0, 0, 1, 0, 1, 1]"
1383,"[0, 1, 0, 1, 0, 0, 0, 0, 0, 0, 1, 1]"
1384,"[0, 0, 0, 0, 0, 0, 0, 0, 0, 0, 1, 1]"
2576,"[0, 1, 1, 0, 0, 0, 1, 1, 0, 1, 0, 1]"
1385,"[0, 0, 0, 0, 0, 0, 0, 0, 0, 0, 1, 1]"
1386,"[0, 0, 0, 0, 0, 0, 0, 0, 0, 0, 1, 1]"
2577,"[0, 0, 1, 1, 1, 0, 1, 1, 1, 1, 0, 1]"
2578,"[0, 0, 1, 1, 0, 0, 0, 1, 0, 1, 0, 1]"
1387,"[1, 0, 0, 0, 0, 1, 0, 0, 0, 0, 1, 1]"
2579,"[0, 1, 1, 0, 0, 0, 1, 1, 0, 1, 0, 1]"
1388,"[0, 0, 1, 0, 0, 0, 0, 1, 0, 1, 0, 1]"
1390,"[0, 0, 0, 0, 0, 0, 0, 0, 0, 0, 1, 0]"
1392,"[0, 0, 0, 0, 0, 0, 0, 1, 0, 0, 1, 0]"
2582,"[0, 0, 0, 0, 0, 0, 1, 0, 0, 0, 0, 1]"
2583,"[0, 0, 0, 0, 0, 0, 1, 0, 0, 0, 0, 1]"
1394,"[0, 0, 0, 0, 0, 0, 0, 0, 0, 0, 0, 0]"
2584,"[0, 0, 0, 0, 0, 0, 1, 0, 0, 0, 0, 0]"
1396,"[0, 0, 0, 0, 0, 0, 0, 0, 0, 0, 0, 0]"
1400,"[0, 0, 0, 1, 0, 0, 1, 0, 0, 0, 0, 0]"
1401,"[0, 1, 1, 1, 0, 0, 1, 0, 0, 0, 1, 0]"
1402,"[0, 1, 0, 0, 0, 0, 1, 0, 0, 0, 1, 0]"
1403,"[0, 1, 0, 0, 0, 0, 0, 1, 0, 0, 1, 0]"
1404,"[0, 1, 0, 0, 0, 0, 1, 0, 0, 0, 1, 0]"
1405,"[0, 1, 0, 1, 0, 0, 0, 0, 0, 0, 1, 0]"
1407,"[0, 1, 0, 0, 0, 0, 0, 0, 0, 0, 1, 0]"
2590,"[0, 0, 0, 1, 0, 0, 1, 0, 0, 0, 0, 0]"
1408,"[0, 0, 0, 0, 1, 0, 0, 1, 0, 0, 1, 0]"
2591,"[0, 0, 0, 1, 0, 0, 1, 0, 0, 0, 0, 0]"
2592,"[0, 0, 0, 1, 0, 0, 1, 0, 0, 0, 0, 0]"
1409,"[0, 0, 0, 1, 1, 0, 0, 0, 0, 0, 1, 0]"
1410,"[1, 0, 0, 0, 1, 1, 0, 0, 1, 0, 1, 0]"
2593,"[0, 0, 0, 0, 0, 0, 1, 0, 0, 0, 0, 0]"
2594,"[0, 0, 0, 0, 0, 0, 1, 0, 0, 0, 0, 0]"
2595,"[0, 1, 0, 1, 0, 0, 1, 0, 0, 0, 0, 0]"
2596,"[0, 0, 1, 1, 0, 0, 1, 0, 0, 0, 0, 0]"
1414,"[0, 0, 0, 0, 1, 0, 1, 1, 1, 0, 1, 0]"
1415,"[0, 0, 0, 1, 1, 0, 0, 0, 1, 0, 1, 0]"
1416,"[0, 0, 0, 1, 1, 0, 0, 1, 1, 0, 1, 0]"
1417,"[0, 0, 0, 1, 1, 0, 0, 0, 1, 0, 1, 0]"
1418,"[0, 0, 0, 1, 1, 0, 0, 0, 1, 0, 1, 0]"
2597,"[0, 0, 0, 1, 0, 0, 0, 1, 1, 1, 0, 0]"
1424,"[0, 0, 0, 0, 1, 0, 0, 0, 1, 0, 1, 0]"
1426,"[0, 0, 0, 0, 1, 0, 0, 1, 1, 0, 1, 0]"
2599,"[0, 0, 0, 1, 1, 0, 0, 1, 1, 1, 0, 0]"
1428,"[0, 0, 0, 0, 1, 0, 0, 0, 1, 0, 1, 0]"
2600,"[0, 0, 1, 1, 1, 0, 0, 0, 1, 1, 0, 0]"
1429,"[0, 0, 0, 0, 1, 0, 0, 0, 1, 0, 1, 0]"
1430,"[0, 0, 0, 1, 0, 0, 0, 0, 0, 0, 1, 0]"
2602,"[0, 0, 1, 1, 1, 0, 0, 1, 1, 1, 0, 0]"
1431,"[0, 0, 0, 0, 0, 0, 0, 0, 0, 0, 1, 0]"
1433,"[0, 0, 0, 0, 0, 0, 0, 1, 0, 0, 1, 0]"
2604,"[0, 0, 0, 1, 1, 0, 0, 1, 1, 0, 0, 0]"
1434,"[0, 0, 0, 0, 0, 0, 0, 1, 0, 0, 1, 0]"
1435,"[0, 0, 0, 0, 0, 0, 0, 1, 0, 0, 1, 0]"
1438,"[0, 0, 0, 0, 0, 0, 0, 0, 0, 0, 1, 0]"
1439,"[0, 0, 0, 0, 0, 0, 1, 0, 0, 0, 1, 0]"
1440,"[0, 0, 0, 0, 0, 0, 1, 0, 0, 0, 1, 0]"
2607,"[0, 0, 1, 0, 0, 0, 0, 0, 0, 1, 0, 0]"
1441,"[0, 0, 0, 0, 0, 0, 0, 0, 0, 0, 1, 0]"
1442,"[0, 1, 0, 1, 0, 0, 1, 0, 0, 0, 1, 0]"
1443,"[0, 0, 0, 0, 0, 0, 1, 0, 0, 0, 1, 0]"
2609,"[0, 0, 0, 0, 0, 0, 0, 0, 0, 0, 0, 0]"
1444,"[0, 0, 0, 1, 0, 0, 0, 0, 0, 0, 1, 0]"
1445,"[0, 0, 0, 0, 0, 0, 0, 0, 0, 0, 1, 0]"
1446,"[0, 0, 0, 1, 0, 0, 1, 0, 0, 0, 1, 0]"
1447,"[0, 0, 0, 0, 0, 0, 1, 0, 0, 0, 1, 0]"
2611,"[0, 0, 0, 1, 0, 0, 0, 0, 0, 1, 0, 0]"
2612,"[0, 0, 0, 1, 0, 0, 0, 0, 0, 0, 0, 1]"
2613,"[0, 0, 0, 1, 0, 0, 0, 0, 0, 1, 0, 0]"
2614,"[0, 0, 0, 1, 0, 0, 0, 0, 0, 0, 0, 1]"
2615,"[0, 0, 0, 0, 0, 0, 0, 0, 0, 0, 0, 0]"
1453,"[0, 0, 0, 0, 1, 0, 0, 0, 0, 0, 1, 0]"
2616,"[0, 0, 0, 0, 0, 0, 0, 0, 0, 0, 0, 1]"
1454,"[0, 0, 0, 0, 1, 0, 1, 0, 0, 0, 1, 0]"
2618,"[0, 0, 1, 1, 0, 0, 0, 0, 0, 1, 0, 0]"
1458,"[1, 0, 0, 0, 1, 1, 1, 0, 1, 0, 1, 0]"
1459,"[0, 0, 0, 0, 1, 0, 1, 0, 1, 0, 1, 0]"
1460,"[0, 0, 0, 1, 1, 0, 0, 0, 1, 0, 1, 0]"
2619,"[0, 0, 0, 1, 0, 0, 0, 0, 0, 0, 0, 1]"
2620,"[0, 0, 0, 1, 0, 0, 0, 0, 0, 0, 0, 1]"
2621,"[0, 0, 0, 1, 0, 0, 0, 0, 0, 0, 0, 1]"
2622,"[0, 0, 0, 1, 0, 0, 0, 0, 0, 0, 0, 1]"
1464,"[0, 0, 0, 1, 1, 0, 0, 0, 1, 0, 1, 0]"
1466,"[0, 0, 0, 1, 1, 0, 0, 0, 1, 0, 1, 0]"
2623,"[0, 0, 0, 1, 0, 0, 0, 0, 0, 0, 0, 1]"
2624,"[0, 0, 0, 1, 0, 0, 0, 0, 0, 0, 0, 1]"
1469,"[0, 0, 0, 1, 1, 0, 0, 0, 1, 0, 1, 0]"
1470,"[1, 0, 0, 0, 1, 1, 1, 1, 1, 0, 1, 0]"
1471,"[0, 0, 0, 0, 1, 0, 0, 1, 1, 0, 1, 0]"
2625,"[0, 0, 0, 0, 0, 0, 0, 0, 1, 0, 0, 1]"
1472,"[0, 0, 0, 0, 1, 0, 1, 1, 1, 0, 1, 0]"
2627,"[0, 0, 0, 0, 0, 0, 0, 0, 1, 0, 0, 1]"
1473,"[0, 0, 0, 0, 1, 0, 1, 1, 1, 0, 1, 0]"
1474,"[0, 0, 0, 1, 1, 0, 0, 1, 1, 0, 1, 0]"
2628,"[0, 0, 0, 0, 0, 0, 0, 0, 0, 0, 0, 1]"
1477,"[0, 0, 0, 0, 0, 0, 0, 1, 1, 0, 1, 0]"
2630,"[0, 0, 0, 1, 0, 0, 0, 0, 0, 0, 0, 1]"
1478,"[0, 0, 0, 0, 0, 0, 0, 1, 1, 0, 1, 0]"
1479,"[0, 0, 0, 0, 0, 0, 0, 1, 1, 0, 1, 0]"
1481,"[0, 0, 0, 0, 0, 0, 1, 1, 0, 0, 1, 0]"
1482,"[0, 0, 0, 0, 0, 0, 0, 0, 0, 0, 1, 0]"
1483,"[0, 0, 0, 1, 0, 0, 0, 1, 0, 0, 1, 0]"
1484,"[0, 0, 0, 1, 0, 0, 0, 1, 0, 0, 1, 0]"
2632,"[0, 0, 1, 1, 0, 0, 0, 0, 0, 0, 0, 1]"
2633,"[0, 1, 0, 1, 0, 0, 0, 0, 0, 0, 0, 1]"
2634,"[0, 1, 1, 1, 0, 0, 0, 0, 0, 0, 0, 1]"
1485,"[0, 0, 1, 1, 0, 0, 0, 0, 0, 1, 1, 0]"
1488,"[0, 1, 1, 1, 0, 0, 0, 0, 0, 1, 0, 1]"
1489,"[0, 1, 1, 1, 0, 0, 0, 0, 0, 0, 0, 1]"
1490,"[0, 1, 0, 1, 0, 0, 1, 0, 0, 0, 0, 0]"
1492,"[0, 1, 0, 1, 0, 0, 0, 1, 0, 0, 1, 0]"
1493,"[0, 0, 0, 1, 0, 0, 1, 1, 0, 0, 1, 0]"
1494,"[0, 0, 0, 1, 0, 0, 1, 1, 0, 0, 1, 1]"
2638,"[0, 1, 1, 1, 0, 0, 0, 1, 0, 0, 0, 1]"
2639,"[0, 1, 1, 1, 0, 0, 0, 1, 0, 1, 0, 1]"
1495,"[0, 1, 0, 0, 0, 0, 0, 1, 0, 0, 1, 1]"
1496,"[0, 1, 1, 0, 0, 0, 1, 1, 0, 0, 1, 1]"
2640,"[0, 1, 1, 1, 0, 0, 0, 1, 0, 0, 0, 1]"
1497,"[0, 1, 0, 0, 0, 0, 1, 1, 0, 0, 1, 1]"
1499,"[0, 0, 0, 0, 1, 0, 0, 1, 0, 0, 1, 1]"
1500,"[0, 0, 0, 0, 1, 0, 1, 1, 1, 0, 1, 1]"
2641,"[0, 1, 1, 1, 0, 0, 0, 0, 0, 0, 0, 1]"
1502,"[0, 0, 0, 1, 1, 0, 1, 1, 1, 0, 1, 1]"
2643,"[0, 1, 1, 1, 0, 0, 0, 0, 0, 1, 0, 1]"
1504,"[0, 0, 0, 1, 1, 0, 1, 0, 1, 0, 1, 1]"
1505,"[1, 0, 0, 0, 1, 1, 1, 1, 1, 0, 1, 1]"
1506,"[0, 0, 0, 1, 1, 0, 0, 1, 1, 0, 1, 1]"
1508,"[0, 0, 0, 0, 1, 0, 1, 1, 1, 0, 1, 1]"
2644,"[0, 0, 1, 0, 0, 0, 0, 0, 0, 1, 0, 1]"
1510,"[0, 0, 0, 1, 1, 0, 0, 0, 1, 0, 1, 1]"
2645,"[0, 0, 0, 1, 0, 0, 0, 0, 0, 0, 0, 1]"
1511,"[0, 0, 0, 0, 1, 0, 0, 0, 1, 0, 1, 1]"
2646,"[0, 0, 1, 0, 0, 0, 0, 0, 0, 1, 0, 1]"
1514,"[0, 0, 0, 0, 1, 0, 1, 0, 1, 0, 1, 1]"
2647,"[0, 0, 1, 0, 0, 0, 0, 0, 0, 0, 0, 0]"
1515,"[0, 0, 1, 0, 1, 0, 0, 1, 1, 0, 1, 1]"
1516,"[0, 0, 0, 0, 1, 0, 0, 1, 1, 0, 1, 1]"
1517,"[1, 0, 0, 0, 1, 1, 0, 1, 1, 0, 1, 1]"
2648,"[0, 0, 0, 0, 0, 0, 0, 0, 0, 0, 0, 0]"
1518,"[0, 0, 0, 0, 1, 0, 1, 1, 1, 0, 1, 1]"
1519,"[0, 1, 1, 0, 1, 0, 1, 0, 1, 1, 1, 0]"
2649,"[0, 0, 1, 1, 0, 0, 0, 0, 0, 1, 0, 0]"
1520,"[0, 1, 1, 1, 1, 0, 0, 0, 0, 1, 1, 0]"
1522,"[0, 0, 0, 0, 0, 0, 1, 0, 0, 0, 1, 0]"
2652,"[0, 0, 1, 1, 0, 0, 0, 0, 0, 0, 0, 0]"
2653,"[0, 0, 0, 0, 0, 0, 1, 0, 0, 0, 0, 0]"
1523,"[0, 0, 0, 0, 0, 0, 1, 0, 1, 0, 1, 0]"
2654,"[0, 0, 0, 1, 0, 0, 1, 0, 0, 0, 0, 0]"
1524,"[0, 1, 1, 0, 0, 0, 0, 0, 0, 1, 1, 0]"
2655,"[0, 0, 1, 0, 0, 0, 1, 0, 0, 0, 0, 0]"
1526,"[0, 0, 0, 0, 0, 0, 0, 0, 0, 0, 1, 0]"
2656,"[0, 0, 0, 0, 0, 0, 1, 0, 0, 0, 0, 0]"
1527,"[0, 0, 0, 1, 0, 0, 1, 0, 0, 0, 1, 0]"
1528,"[0, 0, 0, 1, 0, 0, 0, 0, 0, 0, 0, 0]"
1529,"[0, 0, 0, 1, 0, 0, 0, 0, 0, 0, 0, 0]"
1530,"[0, 1, 0, 1, 0, 0, 0, 0, 0, 0, 0, 0]"
1531,"[0, 1, 0, 1, 0, 0, 1, 0, 0, 0, 0, 0]"
2658,"[0, 0, 0, 0, 0, 0, 1, 0, 0, 0, 0, 0]"
1532,"[0, 1, 0, 1, 0, 0, 0, 0, 0, 0, 0, 0]"
1533,"[0, 1, 0, 1, 0, 0, 0, 0, 0, 0, 0, 0]"
1534,"[0, 1, 0, 1, 0, 0, 1, 1, 0, 0, 0, 0]"
1535,"[0, 1, 0, 1, 0, 0, 1, 1, 0, 0, 0, 0]"
2659,"[0, 0, 0, 0, 0, 0, 1, 0, 0, 0, 0, 0]"
2660,"[0, 0, 0, 0, 0, 0, 1, 0, 0, 0, 0, 0]"
1537,"[0, 1, 0, 1, 0, 0, 0, 1, 0, 0, 0, 0]"
2661,"[0, 0, 0, 0, 0, 0, 1, 0, 0, 0, 0, 0]"
1538,"[0, 1, 0, 1, 0, 0, 0, 1, 0, 0, 0, 0]"
1539,"[0, 1, 0, 1, 0, 0, 0, 1, 0, 0, 0, 0]"
1540,"[0, 1, 0, 1, 0, 0, 1, 1, 0, 0, 1, 0]"
1541,"[0, 0, 0, 1, 0, 0, 0, 1, 0, 0, 1, 0]"
2662,"[0, 0, 0, 0, 0, 0, 1, 0, 0, 0, 0, 0]"
1542,"[0, 0, 0, 0, 0, 0, 0, 1, 0, 0, 1, 0]"
1544,"[0, 0, 0, 0, 0, 0, 1, 1, 0, 0, 1, 0]"
1545,"[0, 0, 0, 1, 1, 0, 1, 1, 0, 0, 1, 0]"
1546,"[0, 0, 0, 0, 1, 0, 0, 1, 0, 0, 1, 0]"
2663,"[0, 0, 1, 0, 0, 0, 1, 0, 0, 0, 0, 0]"
2664,"[0, 0, 0, 0, 0, 0, 1, 0, 0, 0, 0, 0]"
1548,"[0, 0, 0, 0, 1, 0, 0, 1, 0, 0, 1, 0]"
1549,"[0, 0, 0, 1, 1, 0, 1, 0, 1, 0, 1, 0]"
2666,"[0, 0, 0, 1, 0, 0, 1, 0, 0, 0, 0, 0]"
1550,"[1, 0, 0, 0, 1, 1, 0, 0, 1, 0, 1, 0]"
1552,"[0, 0, 0, 0, 1, 0, 0, 0, 1, 0, 1, 0]"
1553,"[0, 0, 0, 0, 1, 0, 0, 0, 1, 0, 1, 0]"
2667,"[0, 0, 1, 0, 0, 0, 1, 1, 0, 1, 0, 0]"
1554,"[1, 0, 0, 1, 1, 1, 1, 0, 1, 0, 1, 0]"
1555,"[0, 0, 0, 0, 1, 0, 0, 0, 1, 0, 1, 0]"
2668,"[0, 0, 1, 0, 0, 0, 1, 1, 1, 1, 0, 0]"
1556,"[1, 0, 0, 0, 1, 1, 0, 0, 1, 0, 1, 0]"
2670,"[0, 0, 1, 1, 0, 0, 1, 1, 1, 1, 0, 0]"
2673,"[0, 0, 1, 0, 1, 0, 1, 1, 1, 1, 0, 0]"
1560,"[0, 0, 0, 0, 1, 0, 1, 1, 1, 0, 1, 0]"
2674,"[0, 0, 1, 0, 1, 0, 1, 1, 1, 1, 0, 0]"
1563,"[0, 0, 0, 0, 1, 0, 1, 1, 1, 0, 1, 0]"
1564,"[1, 0, 0, 0, 1, 1, 0, 1, 1, 0, 1, 0]"
1568,"[0, 1, 0, 1, 0, 0, 0, 1, 1, 0, 1, 0]"
1569,"[0, 0, 0, 0, 0, 0, 1, 1, 0, 0, 1, 0]"
1570,"[0, 0, 1, 1, 0, 0, 1, 1, 0, 1, 1, 0]"
2677,"[0, 0, 0, 0, 0, 0, 0, 1, 0, 1, 0, 0]"
1571,"[0, 0, 0, 1, 0, 0, 0, 0, 0, 0, 0, 0]"
1573,"[0, 1, 0, 1, 0, 0, 0, 0, 0, 0, 0, 0]"
1574,"[0, 1, 0, 1, 0, 0, 1, 0, 0, 0, 0, 0]"
2680,"[0, 0, 0, 1, 0, 0, 1, 0, 0, 0, 0, 0]"
2681,"[0, 0, 0, 0, 0, 0, 1, 0, 0, 0, 0, 0]"
1576,"[0, 1, 0, 1, 0, 0, 0, 0, 0, 0, 0, 0]"
1577,"[0, 1, 0, 1, 0, 0, 1, 0, 0, 0, 0, 0]"
1578,"[0, 1, 0, 1, 0, 0, 0, 0, 0, 0, 0, 0]"
1579,"[0, 1, 0, 1, 0, 0, 1, 0, 0, 0, 0, 0]"
2684,"[0, 0, 0, 1, 0, 0, 1, 0, 0, 0, 0, 0]"
1581,"[0, 1, 0, 1, 0, 0, 0, 0, 0, 0, 0, 0]"
2687,"[0, 1, 1, 1, 0, 0, 1, 0, 0, 1, 0, 0]"
1585,"[0, 1, 1, 1, 0, 0, 0, 0, 0, 0, 0, 0]"
1586,"[0, 1, 1, 1, 0, 0, 0, 1, 0, 0, 0, 0]"
1587,"[0, 1, 0, 1, 0, 0, 1, 1, 0, 0, 1, 0]"
2688,"[0, 1, 1, 1, 0, 0, 1, 1, 0, 1, 0, 0]"
1589,"[0, 0, 1, 1, 0, 0, 0, 1, 0, 0, 1, 0]"
1590,"[0, 0, 0, 0, 0, 0, 1, 1, 0, 0, 1, 0]"
1591,"[0, 0, 0, 0, 0, 0, 1, 0, 0, 0, 1, 0]"
1592,"[0, 0, 0, 1, 1, 0, 1, 0, 0, 0, 1, 0]"
1595,"[0, 0, 0, 1, 1, 0, 0, 0, 1, 0, 1, 0]"
2691,"[0, 1, 0, 1, 0, 0, 1, 0, 0, 0, 0, 0]"
2692,"[0, 0, 0, 0, 0, 0, 1, 0, 0, 0, 0, 0]"
1597,"[0, 0, 0, 0, 1, 0, 0, 1, 1, 0, 1, 0]"
2693,"[0, 0, 0, 0, 0, 0, 1, 0, 0, 0, 0, 0]"
1601,"[0, 0, 1, 0, 1, 0, 0, 0, 1, 0, 1, 0]"
2694,"[0, 0, 0, 1, 0, 0, 1, 1, 1, 0, 0, 0]"
1602,"[1, 0, 0, 0, 1, 1, 1, 0, 1, 0, 1, 0]"
1603,"[0, 0, 0, 0, 1, 0, 1, 0, 1, 1, 1, 0]"
1604,"[0, 0, 0, 0, 1, 0, 0, 0, 1, 0, 1, 0]"
1605,"[0, 0, 0, 0, 1, 0, 0, 0, 1, 0, 1, 0]"
2695,"[0, 0, 0, 1, 1, 0, 1, 1, 1, 1, 0, 0]"
2696,"[0, 0, 0, 1, 1, 0, 1, 1, 1, 0, 0, 0]"
1607,"[0, 0, 0, 0, 1, 0, 0, 1, 1, 0, 1, 0]"
2697,"[0, 0, 1, 1, 1, 0, 1, 1, 1, 1, 0, 0]"
1608,"[1, 0, 0, 0, 1, 1, 0, 0, 1, 0, 1, 0]"
1610,"[0, 0, 0, 1, 1, 0, 1, 1, 1, 0, 1, 0]"
1611,"[0, 0, 0, 0, 1, 0, 0, 0, 1, 0, 1, 0]"
2698,"[0, 0, 1, 0, 0, 0, 1, 0, 0, 1, 0, 0]"
1613,"[0, 0, 0, 1, 1, 0, 1, 0, 1, 0, 1, 0]"
2699,"[0, 0, 0, 1, 0, 0, 1, 0, 0, 0, 0, 0]"
2700,"[0, 0, 0, 0, 0, 0, 1, 0, 0, 0, 0, 0]"
1615,"[0, 0, 0, 0, 0, 0, 0, 1, 0, 0, 1, 0]"
2701,"[0, 0, 0, 1, 0, 0, 1, 0, 0, 1, 0, 0]"
1616,"[0, 0, 0, 0, 0, 0, 1, 0, 0, 0, 1, 0]"
2702,"[0, 0, 0, 0, 0, 0, 1, 0, 0, 1, 0, 0]"
1617,"[0, 0, 0, 1, 0, 0, 0, 0, 0, 0, 1, 0]"
1619,"[0, 0, 0, 1, 0, 0, 0, 0, 0, 0, 0, 0]"
1620,"[0, 0, 0, 1, 0, 0, 0, 0, 0, 0, 1, 0]"
2704,"[0, 0, 0, 0, 0, 0, 1, 0, 0, 0, 0, 0]"
1622,"[0, 0, 0, 1, 0, 0, 1, 0, 0, 0, 0, 0]"
2705,"[0, 0, 1, 0, 0, 0, 1, 0, 0, 0, 0, 0]"
2706,"[0, 0, 1, 0, 0, 0, 1, 0, 0, 1, 0, 0]"
1624,"[0, 1, 0, 1, 0, 0, 0, 0, 0, 0, 0, 0]"
1625,"[0, 1, 0, 1, 0, 0, 0, 0, 0, 0, 0, 0]"
1626,"[0, 1, 0, 1, 0, 0, 1, 0, 0, 0, 0, 0]"
1627,"[0, 1, 0, 1, 0, 0, 0, 1, 0, 0, 0, 0]"
2707,"[0, 0, 0, 1, 0, 0, 1, 0, 0, 0, 0, 0]"
1629,"[0, 1, 0, 1, 0, 0, 0, 0, 0, 0, 0, 0]"
2708,"[0, 0, 1, 1, 0, 0, 1, 0, 0, 1, 0, 0]"
1630,"[1, 0, 1, 1, 0, 1, 1, 1, 0, 1, 1, 0]"
1631,"[0, 0, 0, 1, 0, 0, 1, 1, 0, 0, 1, 0]"
1632,"[0, 0, 0, 0, 0, 0, 1, 1, 0, 0, 1, 0]"
2710,"[0, 0, 1, 1, 0, 0, 1, 0, 0, 0, 0, 0]"
1633,"[1, 0, 1, 0, 0, 1, 1, 1, 0, 0, 1, 0]"
1634,"[0, 1, 0, 0, 0, 0, 1, 1, 0, 0, 1, 0]"
1635,"[0, 0, 0, 0, 0, 0, 1, 1, 0, 0, 1, 0]"
1636,"[0, 1, 0, 0, 1, 0, 1, 1, 0, 0, 1, 0]"
2711,"[0, 0, 1, 1, 0, 0, 1, 0, 0, 0, 0, 0]"
2712,"[0, 0, 0, 1, 0, 0, 1, 0, 0, 0, 0, 0]"
1638,"[0, 0, 0, 1, 1, 0, 1, 1, 0, 0, 1, 0]"
1639,"[0, 0, 0, 1, 1, 0, 1, 0, 1, 0, 1, 0]"
1641,"[0, 0, 0, 0, 1, 0, 1, 0, 1, 0, 1, 0]"
2715,"[0, 0, 0, 0, 0, 0, 1, 0, 0, 0, 0, 0]"
1643,"[0, 0, 0, 0, 1, 0, 0, 0, 1, 0, 1, 0]"
1645,"[0, 0, 0, 0, 1, 0, 0, 0, 1, 0, 1, 0]"
1646,"[0, 0, 0, 0, 1, 0, 1, 0, 1, 0, 1, 0]"
2717,"[0, 0, 1, 1, 0, 0, 1, 1, 0, 1, 0, 0]"
1648,"[0, 0, 0, 0, 1, 0, 0, 1, 1, 1, 1, 0]"
2718,"[0, 1, 1, 0, 0, 0, 1, 1, 1, 1, 0, 0]"
1649,"[0, 0, 0, 0, 1, 0, 1, 0, 1, 0, 1, 0]"
2719,"[0, 0, 1, 0, 0, 0, 1, 1, 1, 1, 0, 0]"
1651,"[0, 0, 0, 0, 1, 0, 1, 1, 1, 0, 1, 0]"
2720,"[0, 0, 1, 0, 1, 0, 1, 1, 1, 1, 0, 0]"
1653,"[1, 0, 0, 0, 1, 1, 1, 1, 1, 0, 1, 0]"
2721,"[0, 0, 1, 0, 1, 0, 1, 1, 1, 0, 0, 0]"
1654,"[1, 0, 0, 0, 1, 1, 1, 0, 1, 0, 1, 0]"
1655,"[0, 0, 0, 0, 1, 0, 1, 0, 1, 0, 1, 0]"
2722,"[0, 0, 1, 0, 1, 0, 1, 1, 0, 1, 0, 0]"
2723,"[0, 0, 1, 0, 0, 0, 1, 1, 0, 1, 0, 0]"
1658,"[0, 0, 0, 1, 1, 0, 1, 1, 0, 0, 1, 0]"
1659,"[1, 0, 1, 0, 1, 1, 0, 1, 1, 1, 1, 0]"
1660,"[0, 0, 0, 0, 0, 0, 1, 1, 0, 0, 1, 0]"
1661,"[0, 0, 0, 0, 0, 0, 0, 1, 0, 0, 0, 0]"
2725,"[0, 0, 1, 0, 0, 0, 1, 0, 0, 1, 0, 0]"
1663,"[0, 0, 0, 0, 0, 0, 1, 1, 0, 0, 1, 0]"
1664,"[0, 0, 0, 1, 0, 0, 1, 0, 0, 0, 1, 0]"
1665,"[0, 0, 1, 1, 0, 0, 1, 1, 0, 1, 1, 0]"
2726,"[0, 0, 0, 0, 0, 0, 1, 0, 0, 1, 0, 0]"
1666,"[0, 0, 0, 1, 0, 0, 1, 1, 0, 0, 1, 0]"
1667,"[0, 0, 0, 1, 0, 0, 1, 0, 0, 0, 0, 0]"
2728,"[0, 0, 0, 0, 0, 0, 1, 0, 0, 0, 0, 0]"
1668,"[0, 0, 0, 1, 0, 0, 1, 0, 0, 0, 0, 0]"
2729,"[0, 0, 0, 0, 0, 0, 1, 0, 0, 0, 0, 0]"
1669,"[0, 1, 1, 1, 0, 0, 0, 0, 0, 0, 0, 0]"
1670,"[0, 1, 0, 1, 0, 0, 1, 0, 0, 0, 0, 0]"
1671,"[0, 1, 0, 1, 0, 0, 1, 0, 0, 0, 0, 0]"
1672,"[0, 1, 0, 1, 0, 0, 0, 0, 0, 0, 0, 0]"
2730,"[0, 0, 0, 0, 0, 0, 1, 0, 0, 0, 0, 0]"
1673,"[0, 1, 0, 1, 0, 0, 0, 0, 0, 0, 0, 0]"
2731,"[0, 0, 0, 0, 0, 0, 1, 0, 0, 0, 0, 0]"
1676,"[0, 0, 1, 1, 0, 0, 0, 0, 0, 0, 1, 0]"
2732,"[0, 0, 0, 1, 0, 0, 1, 0, 0, 0, 0, 0]"
1678,"[0, 0, 0, 0, 0, 0, 1, 0, 0, 0, 1, 0]"
1679,"[0, 0, 0, 1, 0, 0, 1, 0, 0, 0, 1, 1]"
1680,"[0, 0, 0, 0, 0, 0, 0, 0, 0, 0, 1, 1]"
1681,"[0, 0, 0, 0, 1, 0, 1, 0, 0, 0, 1, 1]"
1682,"[0, 0, 0, 0, 1, 0, 1, 0, 0, 0, 1, 1]"
2734,"[0, 1, 1, 1, 0, 0, 1, 0, 0, 0, 0, 0]"
1683,"[0, 0, 0, 0, 1, 0, 1, 0, 0, 0, 1, 1]"
1684,"[0, 0, 0, 0, 1, 0, 1, 0, 1, 0, 1, 1]"
1685,"[0, 0, 0, 0, 1, 0, 1, 0, 0, 0, 1, 1]"
1686,"[0, 0, 0, 0, 1, 0, 0, 0, 1, 0, 1, 1]"
1687,"[0, 0, 0, 1, 1, 0, 1, 0, 1, 0, 1, 1]"
2736,"[0, 0, 1, 1, 0, 0, 1, 0, 0, 0, 0, 0]"
1688,"[0, 0, 0, 1, 1, 0, 1, 0, 1, 0, 1, 1]"
2737,"[0, 0, 1, 0, 0, 0, 1, 0, 0, 0, 0, 0]"
1689,"[0, 0, 0, 1, 1, 0, 1, 0, 1, 0, 1, 1]"
2738,"[0, 0, 0, 1, 0, 0, 1, 1, 0, 0, 0, 0]"
1691,"[0, 0, 0, 0, 1, 0, 0, 0, 1, 0, 1, 1]"
1692,"[0, 0, 0, 0, 1, 0, 1, 0, 1, 0, 1, 1]"
1693,"[0, 0, 0, 0, 1, 0, 1, 1, 1, 0, 1, 1]"
1695,"[0, 0, 0, 0, 1, 0, 0, 1, 1, 0, 1, 1]"
2740,"[0, 0, 1, 0, 1, 0, 1, 1, 1, 1, 0, 0]"
1696,"[1, 0, 0, 0, 1, 1, 0, 1, 1, 0, 1, 1]"
1697,"[1, 0, 0, 1, 1, 1, 1, 1, 1, 0, 1, 1]"
1698,"[0, 0, 0, 1, 1, 0, 1, 0, 1, 0, 1, 1]"
1699,"[0, 0, 0, 1, 1, 0, 1, 0, 1, 0, 1, 1]"
2742,"[0, 0, 0, 1, 1, 0, 1, 1, 1, 1, 0, 0]"
2744,"[0, 0, 1, 0, 1, 0, 1, 1, 1, 1, 0, 0]"
1702,"[0, 0, 0, 1, 1, 0, 1, 1, 1, 0, 1, 1]"
1703,"[1, 0, 0, 1, 1, 1, 0, 1, 1, 0, 1, 1]"
1704,"[0, 0, 0, 0, 1, 0, 1, 1, 1, 0, 1, 1]"
2746,"[0, 0, 0, 1, 1, 0, 1, 1, 1, 1, 0, 0]"
1705,"[0, 0, 0, 0, 0, 0, 0, 1, 1, 0, 1, 1]"
1706,"[0, 0, 0, 0, 0, 0, 0, 1, 0, 0, 1, 1]"
1707,"[1, 0, 0, 0, 0, 1, 1, 1, 1, 0, 1, 1]"
1708,"[1, 0, 0, 0, 0, 1, 0, 0, 0, 0, 1, 1]"
2747,"[0, 0, 0, 0, 0, 0, 1, 1, 0, 0, 0, 0]"
2748,"[0, 0, 1, 0, 0, 0, 1, 0, 0, 0, 0, 0]"
1710,"[0, 0, 0, 1, 0, 0, 0, 0, 0, 0, 1, 1]"
1711,"[0, 0, 0, 1, 0, 0, 1, 0, 0, 0, 1, 1]"
1712,"[0, 0, 0, 1, 0, 0, 1, 0, 0, 0, 1, 1]"
2749,"[0, 0, 0, 0, 0, 0, 1, 0, 0, 0, 0, 0]"
1713,"[0, 0, 0, 1, 0, 0, 1, 0, 0, 0, 1, 1]"
1714,"[0, 0, 1, 1, 0, 0, 1, 0, 0, 0, 0, 1]"
2750,"[0, 0, 1, 0, 0, 0, 1, 0, 0, 0, 0, 0]"
1715,"[0, 0, 0, 1, 0, 0, 0, 0, 0, 0, 0, 1]"
1717,"[0, 0, 0, 1, 0, 0, 0, 0, 0, 1, 1, 1]"
1718,"[0, 0, 1, 1, 0, 0, 0, 1, 0, 1, 1, 1]"
2751,"[0, 0, 1, 0, 0, 0, 1, 0, 0, 1, 0, 0]"
1719,"[0, 0, 1, 1, 0, 0, 0, 1, 0, 1, 1, 1]"
2752,"[0, 0, 1, 0, 0, 0, 1, 0, 0, 1, 0, 0]"
1720,"[0, 0, 1, 1, 0, 0, 1, 1, 0, 1, 1, 1]"
1721,"[0, 0, 1, 0, 0, 0, 1, 1, 0, 0, 1, 1]"
2753,"[0, 0, 1, 1, 0, 0, 1, 0, 0, 1, 0, 0]"
1722,"[0, 0, 1, 0, 0, 0, 1, 1, 0, 0, 1, 1]"
2754,"[0, 0, 1, 0, 0, 0, 1, 0, 0, 0, 0, 0]"
1723,"[0, 1, 0, 0, 0, 0, 1, 1, 0, 0, 1, 1]"
2755,"[0, 0, 1, 1, 0, 0, 1, 0, 0, 0, 0, 0]"
1725,"[0, 0, 0, 0, 1, 0, 1, 1, 0, 0, 1, 1]"
1726,"[1, 0, 0, 0, 1, 1, 0, 1, 0, 0, 1, 1]"
1727,"[0, 0, 0, 0, 1, 0, 1, 1, 1, 0, 1, 1]"
2757,"[0, 0, 0, 0, 0, 0, 1, 0, 0, 0, 0, 1]"
1729,"[0, 0, 0, 0, 1, 0, 0, 1, 1, 0, 1, 1]"
1730,"[0, 1, 0, 1, 1, 0, 1, 1, 1, 0, 1, 1]"
1733,"[0, 1, 1, 0, 0, 0, 1, 0, 0, 1, 1, 1]"
1734,"[0, 1, 0, 0, 0, 0, 0, 0, 0, 1, 1, 1]"
2760,"[0, 0, 1, 1, 0, 0, 1, 1, 1, 1, 0, 1]"
1736,"[0, 0, 0, 1, 0, 0, 1, 1, 0, 0, 1, 1]"
2761,"[0, 0, 1, 1, 1, 0, 1, 1, 1, 0, 0, 1]"
2762,"[0, 0, 0, 1, 1, 0, 1, 1, 1, 1, 0, 1]"
2764,"[0, 0, 1, 1, 1, 0, 1, 1, 1, 0, 0, 1]"
2765,"[0, 0, 0, 1, 1, 0, 1, 1, 1, 1, 0, 1]"
1742,"[1, 0, 0, 0, 0, 1, 0, 1, 0, 0, 1, 1]"
1743,"[0, 0, 0, 0, 0, 0, 1, 1, 0, 0, 1, 1]"
2766,"[0, 0, 0, 1, 1, 0, 1, 1, 1, 1, 0, 1]"
1746,"[0, 0, 0, 0, 0, 0, 1, 0, 0, 1, 1, 1]"
1747,"[0, 0, 0, 1, 0, 0, 0, 0, 0, 0, 1, 1]"
1749,"[0, 0, 0, 1, 0, 0, 0, 0, 0, 0, 0, 1]"
2769,"[0, 0, 0, 1, 1, 0, 1, 0, 1, 0, 0, 1]"
